; FBX 7.7.0 project file
; ----------------------------------------------------

FBXHeaderExtension:  {
	FBXHeaderVersion: 1004
	FBXVersion: 7700
	CreationTimeStamp:  {
		Version: 1000
		Year: 2026
		Month: 10
		Day: 10
		Hour: 11
		Minute: 43
		Second: 13
		Millisecond: 0
	}
	Creator: "FBX SDK/FBX Plugins version 2020.2"
	OtherFlags:  {
		TCDefinition: 127
	}
	SceneInfo: "SceneInfo::GlobalInfo", "UserData" {
		Type: "UserData"
		Version: 100
		MetaData:  {
			Version: 100
			Title: ""
			Subject: ""
			Author: ""
			Keywords: ""
			Revision: ""
			Comment: ""
		}
		Properties70:  {
			P: "DocumentUrl", "KString", "Url", "", "/Users/zenray/Create/Build/Productions/ZenRayHoudini/LouisianaBayou/unreal_export/church_glass.fbx"
			P: "SrcDocumentUrl", "KString", "Url", "", "/Users/zenray/Create/Build/Productions/ZenRayHoudini/LouisianaBayou/unreal_export/church_glass.fbx"
			P: "Original", "Compound", "", ""
			P: "Original|ApplicationVendor", "KString", "", "", "SideFX Software"
			P: "Original|ApplicationName", "KString", "", "", "Houdini"
			P: "Original|ApplicationVersion", "KString", "", "", "22.0.368"
			P: "Original|DateTime_GMT", "DateTime", "", "", "10/10/2026 11:43:13.000"
			P: "Original|FileName", "KString", "", "", "/Users/zenray/Create/Build/Productions/ZenRayHoudini/LouisianaBayou/unreal_export/church_glass.fbx"
			P: "LastSaved", "Compound", "", ""
			P: "LastSaved|ApplicationVendor", "KString", "", "", "SideFX Software"
			P: "LastSaved|ApplicationName", "KString", "", "", "Houdini"
			P: "LastSaved|ApplicationVersion", "KString", "", "", "22.0.368"
			P: "LastSaved|DateTime_GMT", "DateTime", "", "", "10/10/2026 11:43:13.000"
			P: "Original|ApplicationActiveProject", "KString", "", "", "/Users/zenray"
			P: "Original|ApplicationNativeFile", "KString", "", "", "/Users/zenray/Create/Build/Productions/ZenRayHoudini/LouisianaBayou/LouisianaBayou.hiplc"
		}
	}
}
GlobalSettings:  {
	Version: 1000
	Properties70:  {
		P: "UpAxis", "int", "Integer", "",1
		P: "UpAxisSign", "int", "Integer", "",1
		P: "FrontAxis", "int", "Integer", "",2
		P: "FrontAxisSign", "int", "Integer", "",1
		P: "CoordAxis", "int", "Integer", "",0
		P: "CoordAxisSign", "int", "Integer", "",1
		P: "OriginalUpAxis", "int", "Integer", "",-1
		P: "OriginalUpAxisSign", "int", "Integer", "",1
		P: "UnitScaleFactor", "double", "Number", "",1
		P: "OriginalUnitScaleFactor", "double", "Number", "",1
		P: "AmbientColor", "ColorRGB", "Color", "",0,0,0
		P: "DefaultCamera", "KString", "", "", "Producer Perspective"
		P: "TimeMode", "enum", "", "",0
		P: "TimeProtocol", "enum", "", "",2
		P: "SnapOnFrameMode", "enum", "", "",0
		P: "TimeSpanStart", "KTime", "Time", "",0
		P: "TimeSpanStop", "KTime", "Time", "",46186158000
		P: "CustomFrameRate", "double", "Number", "",-1
		P: "TimeMarker", "Compound", "", ""
		P: "CurrentTimeMarker", "int", "Integer", "",-1
	}
}

; Documents Description
;------------------------------------------------------------------

Documents:  {
	Count: 1
	Document: 491061688080, "", "Scene" {
		Properties70:  {
			P: "SourceObject", "object", "", ""
			P: "ActiveAnimStackName", "KString", "", "", ""
		}
		RootNode: 0
	}
}

; Document References
;------------------------------------------------------------------

References:  {
}

; Object definitions
;------------------------------------------------------------------

Definitions:  {
	Version: 100
	Count: 4
	ObjectType: "GlobalSettings" {
		Count: 1
	}
	ObjectType: "Model" {
		Count: 1
		PropertyTemplate: "FbxNode" {
			Properties70:  {
				P: "QuaternionInterpolate", "enum", "", "",0
				P: "RotationOffset", "Vector3D", "Vector", "",0,0,0
				P: "RotationPivot", "Vector3D", "Vector", "",0,0,0
				P: "ScalingOffset", "Vector3D", "Vector", "",0,0,0
				P: "ScalingPivot", "Vector3D", "Vector", "",0,0,0
				P: "TranslationActive", "bool", "", "",0
				P: "TranslationMin", "Vector3D", "Vector", "",0,0,0
				P: "TranslationMax", "Vector3D", "Vector", "",0,0,0
				P: "TranslationMinX", "bool", "", "",0
				P: "TranslationMinY", "bool", "", "",0
				P: "TranslationMinZ", "bool", "", "",0
				P: "TranslationMaxX", "bool", "", "",0
				P: "TranslationMaxY", "bool", "", "",0
				P: "TranslationMaxZ", "bool", "", "",0
				P: "RotationOrder", "enum", "", "",0
				P: "RotationSpaceForLimitOnly", "bool", "", "",0
				P: "RotationStiffnessX", "double", "Number", "",0
				P: "RotationStiffnessY", "double", "Number", "",0
				P: "RotationStiffnessZ", "double", "Number", "",0
				P: "AxisLen", "double", "Number", "",10
				P: "PreRotation", "Vector3D", "Vector", "",0,0,0
				P: "PostRotation", "Vector3D", "Vector", "",0,0,0
				P: "RotationActive", "bool", "", "",0
				P: "RotationMin", "Vector3D", "Vector", "",0,0,0
				P: "RotationMax", "Vector3D", "Vector", "",0,0,0
				P: "RotationMinX", "bool", "", "",0
				P: "RotationMinY", "bool", "", "",0
				P: "RotationMinZ", "bool", "", "",0
				P: "RotationMaxX", "bool", "", "",0
				P: "RotationMaxY", "bool", "", "",0
				P: "RotationMaxZ", "bool", "", "",0
				P: "InheritType", "enum", "", "",0
				P: "ScalingActive", "bool", "", "",0
				P: "ScalingMin", "Vector3D", "Vector", "",0,0,0
				P: "ScalingMax", "Vector3D", "Vector", "",1,1,1
				P: "ScalingMinX", "bool", "", "",0
				P: "ScalingMinY", "bool", "", "",0
				P: "ScalingMinZ", "bool", "", "",0
				P: "ScalingMaxX", "bool", "", "",0
				P: "ScalingMaxY", "bool", "", "",0
				P: "ScalingMaxZ", "bool", "", "",0
				P: "GeometricTranslation", "Vector3D", "Vector", "",0,0,0
				P: "GeometricRotation", "Vector3D", "Vector", "",0,0,0
				P: "GeometricScaling", "Vector3D", "Vector", "",1,1,1
				P: "MinDampRangeX", "double", "Number", "",0
				P: "MinDampRangeY", "double", "Number", "",0
				P: "MinDampRangeZ", "double", "Number", "",0
				P: "MaxDampRangeX", "double", "Number", "",0
				P: "MaxDampRangeY", "double", "Number", "",0
				P: "MaxDampRangeZ", "double", "Number", "",0
				P: "MinDampStrengthX", "double", "Number", "",0
				P: "MinDampStrengthY", "double", "Number", "",0
				P: "MinDampStrengthZ", "double", "Number", "",0
				P: "MaxDampStrengthX", "double", "Number", "",0
				P: "MaxDampStrengthY", "double", "Number", "",0
				P: "MaxDampStrengthZ", "double", "Number", "",0
				P: "PreferedAngleX", "double", "Number", "",0
				P: "PreferedAngleY", "double", "Number", "",0
				P: "PreferedAngleZ", "double", "Number", "",0
				P: "LookAtProperty", "object", "", ""
				P: "UpVectorProperty", "object", "", ""
				P: "Show", "bool", "", "",1
				P: "NegativePercentShapeSupport", "bool", "", "",1
				P: "DefaultAttributeIndex", "int", "Integer", "",-1
				P: "Freeze", "bool", "", "",0
				P: "LODBox", "bool", "", "",0
				P: "Lcl Translation", "Lcl Translation", "", "A",0,0,0
				P: "Lcl Rotation", "Lcl Rotation", "", "A",0,0,0
				P: "Lcl Scaling", "Lcl Scaling", "", "A",1,1,1
				P: "Visibility", "Visibility", "", "A",1
				P: "Visibility Inheritance", "Visibility Inheritance", "", "",1
			}
		}
	}
	ObjectType: "Geometry" {
		Count: 1
		PropertyTemplate: "FbxMesh" {
			Properties70:  {
				P: "Color", "ColorRGB", "Color", "",0.8,0.8,0.8
				P: "BBoxMin", "Vector3D", "Vector", "",0,0,0
				P: "BBoxMax", "Vector3D", "Vector", "",0,0,0
				P: "Primary Visibility", "bool", "", "",1
				P: "Casts Shadows", "bool", "", "",1
				P: "Receive Shadows", "bool", "", "",1
			}
		}
	}
	ObjectType: "Material" {
		Count: 1
		PropertyTemplate: "FbxSurfaceLambert" {
			Properties70:  {
				P: "ShadingModel", "KString", "", "", "Lambert"
				P: "MultiLayer", "bool", "", "",0
				P: "EmissiveColor", "Color", "", "A",0,0,0
				P: "EmissiveFactor", "Number", "", "A",1
				P: "AmbientColor", "Color", "", "A",0.2,0.2,0.2
				P: "AmbientFactor", "Number", "", "A",1
				P: "DiffuseColor", "Color", "", "A",0.8,0.8,0.8
				P: "DiffuseFactor", "Number", "", "A",1
				P: "Bump", "Vector3D", "Vector", "",0,0,0
				P: "NormalMap", "Vector3D", "Vector", "",0,0,0
				P: "BumpFactor", "double", "Number", "",1
				P: "TransparentColor", "Color", "", "A",0,0,0
				P: "TransparencyFactor", "Number", "", "A",0
				P: "DisplacementColor", "ColorRGB", "Color", "",0,0,0
				P: "DisplacementFactor", "double", "Number", "",1
				P: "VectorDisplacementColor", "ColorRGB", "Color", "",0,0,0
				P: "VectorDisplacementFactor", "double", "Number", "",1
			}
		}
	}
}

; Object properties
;------------------------------------------------------------------

Objects:  {
	Geometry: 490275228304, "Geometry::UE_church_glass", "Mesh" {
		Vertices: *1728 {
			a: -3.21450018882751,1.80050003528595,-4.27750015258789,-3.21450018882751,1.80050003528595,-4.04883337020874,-3.21450018882751,2.1247501373291,-4.04883337020874,-3.21450018882751,2.1247501373291,-4.27750015258789,-3.21450018882751,2.1247501373291,-4.27750015258789,-3.21450018882751,2.1247501373291,-4.04883337020874,-3.21450018882751,2.44899988174438,-4.04883337020874,-3.21450018882751,2.44899988174438,-4.27750015258789,-3.21450018882751,1.80050003528595,-4.04883337020874,-3.21450018882751,1.80050003528595,-3.82016658782959,-3.21450018882751,2.1247501373291,-3.82016658782959,-3.21450018882751,2.1247501373291,-4.04883337020874,-3.21450018882751,2.1247501373291,-4.04883337020874,-3.21450018882751,2.1247501373291,-3.82016658782959,-3.21450018882751,2.44899988174438,-3.82016658782959,-3.21450018882751,2.44899988174438,-4.04883337020874,-3.21450018882751,1.80050003528595,-3.82016658782959,-3.21450018882751,1.80050003528595,-3.59150004386902,-3.21450018882751,2.1247501373291,-3.59150004386902,-3.21450018882751,2.1247501373291,-3.82016658782959,-3.21450018882751,2.1247501373291,-3.82016658782959,-3.21450018882751,2.1247501373291,-3.59150004386902,-3.21450018882751,2.44899988174438,-3.59150004386902,-3.21450018882751,2.44899988174438,-3.82016658782959,-3.16970014572144,1.2977499961853,-4.27750015258789,-3.16970014572144,1.2977499961853,-4.04883337020874,-3.16970014572144,1.62199997901917,-4.04883337020874,-3.16970014572144,1.62199997901917,-4.27750015258789,-3.16970014572144,1.62199997901917,-4.27750015258789,-3.16970014572144,1.62199997901917,-4.04883337020874,-3.16970014572144,1.94624996185303,-4.04883337020874,-3.16970014572144,1.94624996185303,-4.27750015258789,-3.16970014572144,1.2977499961853,-4.04883337020874,-3.16970014572144,1.2977499961853,-3.82016658782959,-3.16970014572144,1.62199997901917,-3.82016658782959,-3.16970014572144,1.62199997901917,-4.04883337020874,-3.16970014572144,1.62199997901917,-4.04883337020874,-3.16970014572144,1.62199997901917,-3.82016658782959,-3.16970014572144,1.94624996185303,-3.82016658782959,
-3.16970014572144,1.94624996185303,-4.04883337020874,-3.16970014572144,1.2977499961853,-3.82016658782959,-3.16970014572144,1.2977499961853,-3.59150004386902,-3.16970014572144,1.62199997901917,-3.59150004386902,-3.16970014572144,1.62199997901917,-3.82016658782959,-3.16970014572144,1.62199997901917,-3.82016658782959,-3.16970014572144,1.62199997901917,-3.59150004386902,-3.16970014572144,1.94624996185303,-3.59150004386902,-3.16970014572144,1.94624996185303,-3.82016658782959,-3.21450018882751,1.80050003528595,-1.65450000762939,-3.21450018882751,1.80050003528595,-1.42583322525024,-3.21450018882751,2.1247501373291,-1.42583322525024,-3.21450018882751,2.1247501373291,-1.65450000762939,-3.21450018882751,2.1247501373291,-1.65450000762939,-3.21450018882751,2.1247501373291,-1.42583322525024,-3.21450018882751,2.44899988174438,-1.42583322525024,-3.21450018882751,2.44899988174438,-1.65450000762939,-3.21450018882751,1.80050003528595,-1.42583322525024,-3.21450018882751,1.80050003528595,-1.19716668128967,-3.21450018882751,2.1247501373291,-1.19716668128967,-3.21450018882751,2.1247501373291,-1.42583322525024,-3.21450018882751,2.1247501373291,-1.42583322525024,-3.21450018882751,2.1247501373291,-1.19716668128967,-3.21450018882751,2.44899988174438,-1.19716668128967,-3.21450018882751,2.44899988174438,-1.42583322525024,-3.21450018882751,1.80050003528595,-1.19716668128967,-3.21450018882751,1.80050003528595,-0.968499958515167,-3.21450018882751,2.1247501373291,-0.968499958515167,-3.21450018882751,2.1247501373291,-1.19716668128967,-3.21450018882751,2.1247501373291,-1.19716668128967,-3.21450018882751,2.1247501373291,-0.968499958515167,-3.21450018882751,2.44899988174438,-0.968499958515167,-3.21450018882751,2.44899988174438,-1.19716668128967,-3.16970014572144,1.2977499961853,-1.65450000762939,-3.16970014572144,1.2977499961853,-1.42583322525024,-3.16970014572144,1.62199997901917,-1.42583322525024,-3.16970014572144,1.62199997901917,-1.65450000762939,-3.16970014572144,1.62199997901917,-1.65450000762939,-3.16970014572144,1.62199997901917,-1.42583322525024,
-3.16970014572144,1.94624996185303,-1.42583322525024,-3.16970014572144,1.94624996185303,-1.65450000762939,-3.16970014572144,1.2977499961853,-1.42583322525024,-3.16970014572144,1.2977499961853,-1.19716668128967,-3.16970014572144,1.62199997901917,-1.19716668128967,-3.16970014572144,1.62199997901917,-1.42583322525024,-3.16970014572144,1.62199997901917,-1.42583322525024,-3.16970014572144,1.62199997901917,-1.19716668128967,-3.16970014572144,1.94624996185303,-1.19716668128967,-3.16970014572144,1.94624996185303,-1.42583322525024,-3.16970014572144,1.2977499961853,-1.19716668128967,-3.16970014572144,1.2977499961853,-0.968499958515167,-3.16970014572144,1.62199997901917,-0.968499958515167,-3.16970014572144,1.62199997901917,-1.19716668128967,-3.16970014572144,1.62199997901917,-1.19716668128967,-3.16970014572144,1.62199997901917,-0.968499958515167,-3.16970014572144,1.94624996185303,-0.968499958515167,-3.16970014572144,1.94624996185303,-1.19716668128967,-3.21450018882751,1.80050003528595,0.968499958515167,-3.21450018882751,1.80050003528595,1.19716668128967,-3.21450018882751,2.1247501373291,1.19716668128967,-3.21450018882751,2.1247501373291,0.968499958515167,-3.21450018882751,2.1247501373291,0.968499958515167,-3.21450018882751,2.1247501373291,1.19716668128967,-3.21450018882751,2.44899988174438,1.19716668128967,-3.21450018882751,2.44899988174438,0.968499958515167,-3.21450018882751,1.80050003528595,1.19716668128967,-3.21450018882751,1.80050003528595,1.42583322525024,-3.21450018882751,2.1247501373291,1.42583322525024,-3.21450018882751,2.1247501373291,1.19716668128967,-3.21450018882751,2.1247501373291,1.19716668128967,-3.21450018882751,2.1247501373291,1.42583322525024,-3.21450018882751,2.44899988174438,1.42583322525024,-3.21450018882751,2.44899988174438,1.19716668128967,-3.21450018882751,1.80050003528595,1.42583322525024,-3.21450018882751,1.80050003528595,1.65450000762939,-3.21450018882751,2.1247501373291,1.65450000762939,-3.21450018882751,2.1247501373291,1.42583322525024,-3.21450018882751,2.1247501373291,1.42583322525024,-3.21450018882751,2.1247501373291,1.65450000762939,
-3.21450018882751,2.44899988174438,1.65450000762939,-3.21450018882751,2.44899988174438,1.42583322525024,-3.16970014572144,1.2977499961853,0.968499958515167,-3.16970014572144,1.2977499961853,1.19716668128967,-3.16970014572144,1.62199997901917,1.19716668128967,-3.16970014572144,1.62199997901917,0.968499958515167,-3.16970014572144,1.62199997901917,0.968499958515167,-3.16970014572144,1.62199997901917,1.19716668128967,-3.16970014572144,1.94624996185303,1.19716668128967,-3.16970014572144,1.94624996185303,0.968499958515167,-3.16970014572144,1.2977499961853,1.19716668128967,-3.16970014572144,1.2977499961853,1.42583322525024,-3.16970014572144,1.62199997901917,1.42583322525024,-3.16970014572144,1.62199997901917,1.19716668128967,-3.16970014572144,1.62199997901917,1.19716668128967,-3.16970014572144,1.62199997901917,1.42583322525024,-3.16970014572144,1.94624996185303,1.42583322525024,-3.16970014572144,1.94624996185303,1.19716668128967,-3.16970014572144,1.2977499961853,1.42583322525024,-3.16970014572144,1.2977499961853,1.65450000762939,-3.16970014572144,1.62199997901917,1.65450000762939,-3.16970014572144,1.62199997901917,1.42583322525024,-3.16970014572144,1.62199997901917,1.42583322525024,-3.16970014572144,1.62199997901917,1.65450000762939,-3.16970014572144,1.94624996185303,1.65450000762939,-3.16970014572144,1.94624996185303,1.42583322525024,-3.21450018882751,1.80050003528595,3.59150004386902,-3.21450018882751,1.80050003528595,3.82016658782959,-3.21450018882751,2.1247501373291,3.82016658782959,-3.21450018882751,2.1247501373291,3.59150004386902,-3.21450018882751,2.1247501373291,3.59150004386902,-3.21450018882751,2.1247501373291,3.82016658782959,-3.21450018882751,2.44899988174438,3.82016658782959,-3.21450018882751,2.44899988174438,3.59150004386902,-3.21450018882751,1.80050003528595,3.82016658782959,-3.21450018882751,1.80050003528595,4.04883337020874,-3.21450018882751,2.1247501373291,4.04883337020874,-3.21450018882751,2.1247501373291,3.82016658782959,-3.21450018882751,2.1247501373291,3.82016658782959,-3.21450018882751,2.1247501373291,4.04883337020874,
-3.21450018882751,2.44899988174438,4.04883337020874,-3.21450018882751,2.44899988174438,3.82016658782959,-3.21450018882751,1.80050003528595,4.04883337020874,-3.21450018882751,1.80050003528595,4.27750015258789,-3.21450018882751,2.1247501373291,4.27750015258789,-3.21450018882751,2.1247501373291,4.04883337020874,-3.21450018882751,2.1247501373291,4.04883337020874,-3.21450018882751,2.1247501373291,4.27750015258789,-3.21450018882751,2.44899988174438,4.27750015258789,-3.21450018882751,2.44899988174438,4.04883337020874,-3.16970014572144,1.2977499961853,3.59150004386902,-3.16970014572144,1.2977499961853,3.82016658782959,-3.16970014572144,1.62199997901917,3.82016658782959,-3.16970014572144,1.62199997901917,3.59150004386902,-3.16970014572144,1.62199997901917,3.59150004386902,-3.16970014572144,1.62199997901917,3.82016658782959,-3.16970014572144,1.94624996185303,3.82016658782959,-3.16970014572144,1.94624996185303,3.59150004386902,-3.16970014572144,1.2977499961853,3.82016658782959,-3.16970014572144,1.2977499961853,4.04883337020874,-3.16970014572144,1.62199997901917,4.04883337020874,-3.16970014572144,1.62199997901917,3.82016658782959,-3.16970014572144,1.62199997901917,3.82016658782959,-3.16970014572144,1.62199997901917,4.04883337020874,-3.16970014572144,1.94624996185303,4.04883337020874,-3.16970014572144,1.94624996185303,3.82016658782959,-3.16970014572144,1.2977499961853,4.04883337020874,-3.16970014572144,1.2977499961853,4.27750015258789,-3.16970014572144,1.62199997901917,4.27750015258789,-3.16970014572144,1.62199997901917,4.04883337020874,-3.16970014572144,1.62199997901917,4.04883337020874,-3.16970014572144,1.62199997901917,4.27750015258789,-3.16970014572144,1.94624996185303,4.27750015258789,-3.16970014572144,1.94624996185303,4.04883337020874,3.21450018882751,1.80050003528595,-3.59150004386902,3.21450018882751,1.80050003528595,-3.82016658782959,3.21450018882751,2.1247501373291,-3.82016658782959,3.21450018882751,2.1247501373291,-3.59150004386902,3.21450018882751,2.1247501373291,-3.59150004386902,3.21450018882751,2.1247501373291,-3.82016658782959,
3.21450018882751,2.44899988174438,-3.82016658782959,3.21450018882751,2.44899988174438,-3.59150004386902,3.21450018882751,1.80050003528595,-3.82016658782959,3.21450018882751,1.80050003528595,-4.04883337020874,3.21450018882751,2.1247501373291,-4.04883337020874,3.21450018882751,2.1247501373291,-3.82016658782959,3.21450018882751,2.1247501373291,-3.82016658782959,3.21450018882751,2.1247501373291,-4.04883337020874,3.21450018882751,2.44899988174438,-4.04883337020874,3.21450018882751,2.44899988174438,-3.82016658782959,3.21450018882751,1.80050003528595,-4.04883337020874,3.21450018882751,1.80050003528595,-4.27750015258789,3.21450018882751,2.1247501373291,-4.27750015258789,3.21450018882751,2.1247501373291,-4.04883337020874,3.21450018882751,2.1247501373291,-4.04883337020874,3.21450018882751,2.1247501373291,-4.27750015258789,3.21450018882751,2.44899988174438,-4.27750015258789,3.21450018882751,2.44899988174438,-4.04883337020874,3.16970014572144,1.2977499961853,-3.59150004386902,3.16970014572144,1.2977499961853,-3.82016658782959,3.16970014572144,1.62199997901917,-3.82016658782959,3.16970014572144,1.62199997901917,-3.59150004386902,3.16970014572144,1.62199997901917,-3.59150004386902,3.16970014572144,1.62199997901917,-3.82016658782959,3.16970014572144,1.94624996185303,-3.82016658782959,3.16970014572144,1.94624996185303,-3.59150004386902,3.16970014572144,1.2977499961853,-3.82016658782959,3.16970014572144,1.2977499961853,-4.04883337020874,3.16970014572144,1.62199997901917,-4.04883337020874,3.16970014572144,1.62199997901917,-3.82016658782959,3.16970014572144,1.62199997901917,-3.82016658782959,3.16970014572144,1.62199997901917,-4.04883337020874,3.16970014572144,1.94624996185303,-4.04883337020874,3.16970014572144,1.94624996185303,-3.82016658782959,3.16970014572144,1.2977499961853,-4.04883337020874,3.16970014572144,1.2977499961853,-4.27750015258789,3.16970014572144,1.62199997901917,-4.27750015258789,3.16970014572144,1.62199997901917,-4.04883337020874,3.16970014572144,1.62199997901917,-4.04883337020874,3.16970014572144,1.62199997901917,-4.27750015258789,
3.16970014572144,1.94624996185303,-4.27750015258789,3.16970014572144,1.94624996185303,-4.04883337020874,3.21450018882751,1.80050003528595,-0.968499958515167,3.21450018882751,1.80050003528595,-1.19716668128967,3.21450018882751,2.1247501373291,-1.19716668128967,3.21450018882751,2.1247501373291,-0.968499958515167,3.21450018882751,2.1247501373291,-0.968499958515167,3.21450018882751,2.1247501373291,-1.19716668128967,3.21450018882751,2.44899988174438,-1.19716668128967,3.21450018882751,2.44899988174438,-0.968499958515167,3.21450018882751,1.80050003528595,-1.19716668128967,3.21450018882751,1.80050003528595,-1.42583322525024,3.21450018882751,2.1247501373291,-1.42583322525024,3.21450018882751,2.1247501373291,-1.19716668128967,3.21450018882751,2.1247501373291,-1.19716668128967,3.21450018882751,2.1247501373291,-1.42583322525024,3.21450018882751,2.44899988174438,-1.42583322525024,3.21450018882751,2.44899988174438,-1.19716668128967,3.21450018882751,1.80050003528595,-1.42583322525024,3.21450018882751,1.80050003528595,-1.65450000762939,3.21450018882751,2.1247501373291,-1.65450000762939,3.21450018882751,2.1247501373291,-1.42583322525024,3.21450018882751,2.1247501373291,-1.42583322525024,3.21450018882751,2.1247501373291,-1.65450000762939,3.21450018882751,2.44899988174438,-1.65450000762939,3.21450018882751,2.44899988174438,-1.42583322525024,3.16970014572144,1.2977499961853,-0.968499958515167,3.16970014572144,1.2977499961853,-1.19716668128967,3.16970014572144,1.62199997901917,-1.19716668128967,3.16970014572144,1.62199997901917,-0.968499958515167,3.16970014572144,1.62199997901917,-0.968499958515167,3.16970014572144,1.62199997901917,-1.19716668128967,3.16970014572144,1.94624996185303,-1.19716668128967,3.16970014572144,1.94624996185303,-0.968499958515167,3.16970014572144,1.2977499961853,-1.19716668128967,3.16970014572144,1.2977499961853,-1.42583322525024,3.16970014572144,1.62199997901917,-1.42583322525024,3.16970014572144,1.62199997901917,-1.19716668128967,3.16970014572144,1.62199997901917,-1.19716668128967,3.16970014572144,1.62199997901917,-1.42583322525024,
3.16970014572144,1.94624996185303,-1.42583322525024,3.16970014572144,1.94624996185303,-1.19716668128967,3.16970014572144,1.2977499961853,-1.42583322525024,3.16970014572144,1.2977499961853,-1.65450000762939,3.16970014572144,1.62199997901917,-1.65450000762939,3.16970014572144,1.62199997901917,-1.42583322525024,3.16970014572144,1.62199997901917,-1.42583322525024,3.16970014572144,1.62199997901917,-1.65450000762939,3.16970014572144,1.94624996185303,-1.65450000762939,3.16970014572144,1.94624996185303,-1.42583322525024,3.21450018882751,1.80050003528595,1.65450000762939,3.21450018882751,1.80050003528595,1.42583322525024,3.21450018882751,2.1247501373291,1.42583322525024,3.21450018882751,2.1247501373291,1.65450000762939,3.21450018882751,2.1247501373291,1.65450000762939,3.21450018882751,2.1247501373291,1.42583322525024,3.21450018882751,2.44899988174438,1.42583322525024,3.21450018882751,2.44899988174438,1.65450000762939,3.21450018882751,1.80050003528595,1.42583322525024,3.21450018882751,1.80050003528595,1.19716668128967,3.21450018882751,2.1247501373291,1.19716668128967,3.21450018882751,2.1247501373291,1.42583322525024,3.21450018882751,2.1247501373291,1.42583322525024,3.21450018882751,2.1247501373291,1.19716668128967,3.21450018882751,2.44899988174438,1.19716668128967,3.21450018882751,2.44899988174438,1.42583322525024,3.21450018882751,1.80050003528595,1.19716668128967,3.21450018882751,1.80050003528595,0.968499958515167,3.21450018882751,2.1247501373291,0.968499958515167,3.21450018882751,2.1247501373291,1.19716668128967,3.21450018882751,2.1247501373291,1.19716668128967,3.21450018882751,2.1247501373291,0.968499958515167,3.21450018882751,2.44899988174438,0.968499958515167,3.21450018882751,2.44899988174438,1.19716668128967,3.16970014572144,1.2977499961853,1.65450000762939,3.16970014572144,1.2977499961853,1.42583322525024,3.16970014572144,1.62199997901917,1.42583322525024,3.16970014572144,1.62199997901917,1.65450000762939,3.16970014572144,1.62199997901917,1.65450000762939,3.16970014572144,1.62199997901917,1.42583322525024,3.16970014572144,1.94624996185303,1.42583322525024,
3.16970014572144,1.94624996185303,1.65450000762939,3.16970014572144,1.2977499961853,1.42583322525024,3.16970014572144,1.2977499961853,1.19716668128967,3.16970014572144,1.62199997901917,1.19716668128967,3.16970014572144,1.62199997901917,1.42583322525024,3.16970014572144,1.62199997901917,1.42583322525024,3.16970014572144,1.62199997901917,1.19716668128967,3.16970014572144,1.94624996185303,1.19716668128967,3.16970014572144,1.94624996185303,1.42583322525024,3.16970014572144,1.2977499961853,1.19716668128967,3.16970014572144,1.2977499961853,0.968499958515167,3.16970014572144,1.62199997901917,0.968499958515167,3.16970014572144,1.62199997901917,1.19716668128967,3.16970014572144,1.62199997901917,1.19716668128967,3.16970014572144,1.62199997901917,0.968499958515167,3.16970014572144,1.94624996185303,0.968499958515167,3.16970014572144,1.94624996185303,1.19716668128967,3.21450018882751,1.80050003528595,4.27750015258789,3.21450018882751,1.80050003528595,4.04883337020874,3.21450018882751,2.1247501373291,4.04883337020874,3.21450018882751,2.1247501373291,4.27750015258789,3.21450018882751,2.1247501373291,4.27750015258789,3.21450018882751,2.1247501373291,4.04883337020874,3.21450018882751,2.44899988174438,4.04883337020874,3.21450018882751,2.44899988174438,4.27750015258789,3.21450018882751,1.80050003528595,4.04883337020874,3.21450018882751,1.80050003528595,3.82016658782959,3.21450018882751,2.1247501373291,3.82016658782959,3.21450018882751,2.1247501373291,4.04883337020874,3.21450018882751,2.1247501373291,4.04883337020874,3.21450018882751,2.1247501373291,3.82016658782959,3.21450018882751,2.44899988174438,3.82016658782959,3.21450018882751,2.44899988174438,4.04883337020874,3.21450018882751,1.80050003528595,3.82016658782959,3.21450018882751,1.80050003528595,3.59150004386902,3.21450018882751,2.1247501373291,3.59150004386902,3.21450018882751,2.1247501373291,3.82016658782959,3.21450018882751,2.1247501373291,3.82016658782959,3.21450018882751,2.1247501373291,3.59150004386902,3.21450018882751,2.44899988174438,3.59150004386902,3.21450018882751,2.44899988174438,3.82016658782959,
3.16970014572144,1.2977499961853,4.27750015258789,3.16970014572144,1.2977499961853,4.04883337020874,3.16970014572144,1.62199997901917,4.04883337020874,3.16970014572144,1.62199997901917,4.27750015258789,3.16970014572144,1.62199997901917,4.27750015258789,3.16970014572144,1.62199997901917,4.04883337020874,3.16970014572144,1.94624996185303,4.04883337020874,3.16970014572144,1.94624996185303,4.27750015258789,3.16970014572144,1.2977499961853,4.04883337020874,3.16970014572144,1.2977499961853,3.82016658782959,3.16970014572144,1.62199997901917,3.82016658782959,3.16970014572144,1.62199997901917,4.04883337020874,3.16970014572144,1.62199997901917,4.04883337020874,3.16970014572144,1.62199997901917,3.82016658782959,3.16970014572144,1.94624996185303,3.82016658782959,3.16970014572144,1.94624996185303,4.04883337020874,3.16970014572144,1.2977499961853,3.82016658782959,3.16970014572144,1.2977499961853,3.59150004386902,3.16970014572144,1.62199997901917,3.59150004386902,3.16970014572144,1.62199997901917,3.82016658782959,3.16970014572144,1.62199997901917,3.82016658782959,3.16970014572144,1.62199997901917,3.59150004386902,3.16970014572144,1.94624996185303,3.59150004386902,3.16970014572144,1.94624996185303,3.82016658782959,-1.16400003433228,3.03400015830994,8.28649997711182,-0.907000064849854,3.03400015830994,8.28649997711182,-0.907000064849854,3.03400015830994,8.29249954223633,-1.16400003433228,3.03400015830994,8.29249954223633,-1.16400003433228,3.2739999294281,8.28649997711182,-0.907000064849854,3.2739999294281,8.28649997711182,-0.907000064849854,3.2739999294281,8.29249954223633,-1.16400003433228,3.2739999294281,8.29249954223633,-0.889000058174133,3.03400015830994,8.28649997711182,-0.632000029087067,3.03400015830994,8.28649997711182,-0.632000029087067,3.03400015830994,8.29249954223633,-0.889000058174133,3.03400015830994,8.29249954223633,-0.889000058174133,3.2739999294281,8.28649997711182,-0.632000029087067,3.2739999294281,8.28649997711182,-0.632000029087067,3.2739999294281,8.29249954223633,-0.889000058174133,3.2739999294281,8.29249954223633,
-0.614000022411346,3.03400015830994,8.28649997711182,-0.357000023126602,3.03400015830994,8.28649997711182,-0.357000023126602,3.03400015830994,8.29249954223633,-0.614000022411346,3.03400015830994,8.29249954223633,-0.614000022411346,3.2739999294281,8.28649997711182,-0.357000023126602,3.2739999294281,8.28649997711182,-0.357000023126602,3.2739999294281,8.29249954223633,-0.614000022411346,3.2739999294281,8.29249954223633,-0.33899998664856,3.03400015830994,8.28649997711182,-0.0820000171661377,3.03400015830994,8.28649997711182,-0.0820000171661377,3.03400015830994,8.29249954223633,-0.33899998664856,3.03400015830994,8.29249954223633,-0.33899998664856,3.2739999294281,8.28649997711182,-0.0820000171661377,3.2739999294281,8.28649997711182,-0.0820000171661377,3.2739999294281,8.29249954223633,-0.33899998664856,3.2739999294281,8.29249954223633,-1.16400003433228,3.03400015830994,6.26249980926514,-0.907000064849854,3.03400015830994,6.26249980926514,-0.907000064849854,3.03400015830994,6.26849985122681,-1.16400003433228,3.03400015830994,6.26849985122681,-1.16400003433228,3.2739999294281,6.26249980926514,-0.907000064849854,3.2739999294281,6.26249980926514,-0.907000064849854,3.2739999294281,6.26849985122681,-1.16400003433228,3.2739999294281,6.26849985122681,-0.889000058174133,3.03400015830994,6.26249980926514,-0.632000029087067,3.03400015830994,6.26249980926514,-0.632000029087067,3.03400015830994,6.26849985122681,-0.889000058174133,3.03400015830994,6.26849985122681,-0.889000058174133,3.2739999294281,6.26249980926514,-0.632000029087067,3.2739999294281,6.26249980926514,-0.632000029087067,3.2739999294281,6.26849985122681,-0.889000058174133,3.2739999294281,6.26849985122681,-0.614000022411346,3.03400015830994,6.26249980926514,-0.357000023126602,3.03400015830994,6.26249980926514,-0.357000023126602,3.03400015830994,6.26849985122681,-0.614000022411346,3.03400015830994,6.26849985122681,-0.614000022411346,3.2739999294281,6.26249980926514,-0.357000023126602,3.2739999294281,6.26249980926514,-0.357000023126602,3.2739999294281,6.26849985122681,-0.614000022411346,3.2739999294281,6.26849985122681,
-0.33899998664856,3.03400015830994,6.26249980926514,-0.0820000171661377,3.03400015830994,6.26249980926514,-0.0820000171661377,3.03400015830994,6.26849985122681,-0.33899998664856,3.03400015830994,6.26849985122681,-0.33899998664856,3.2739999294281,6.26249980926514,-0.0820000171661377,3.2739999294281,6.26249980926514,-0.0820000171661377,3.2739999294281,6.26849985122681,-0.33899998664856,3.2739999294281,6.26849985122681,-0.33899998664856,3.2739999294281,6.26849985122681,-0.33899998664856,3.2739999294281,6.26849985122681,-0.0820000171661377,3.2739999294281,6.26849985122681,-0.0820000171661377,3.2739999294281,6.26849985122681,-0.0820000171661377,3.2739999294281,6.26249980926514,-0.0820000171661377,3.2739999294281,6.26249980926514,-0.33899998664856,3.2739999294281,6.26249980926514,-0.33899998664856,3.2739999294281,6.26249980926514,-0.33899998664856,3.03400015830994,6.26849985122681,-0.33899998664856,3.03400015830994,6.26849985122681,-0.0820000171661377,3.03400015830994,6.26849985122681,-0.0820000171661377,3.03400015830994,6.26849985122681,-0.0820000171661377,3.03400015830994,6.26249980926514,-0.0820000171661377,3.03400015830994,6.26249980926514,-0.33899998664856,3.03400015830994,6.26249980926514,-0.33899998664856,3.03400015830994,6.26249980926514,-0.614000022411346,3.2739999294281,6.26849985122681,-0.614000022411346,3.2739999294281,6.26849985122681,-0.357000023126602,3.2739999294281,6.26849985122681,-0.357000023126602,3.2739999294281,6.26849985122681,-0.357000023126602,3.2739999294281,6.26249980926514,-0.357000023126602,3.2739999294281,6.26249980926514,-0.614000022411346,3.2739999294281,6.26249980926514,-0.614000022411346,3.2739999294281,6.26249980926514,-0.614000022411346,3.03400015830994,6.26849985122681,-0.614000022411346,3.03400015830994,6.26849985122681,-0.357000023126602,3.03400015830994,6.26849985122681,-0.357000023126602,3.03400015830994,6.26849985122681,-0.357000023126602,3.03400015830994,6.26249980926514,-0.357000023126602,3.03400015830994,6.26249980926514,-0.614000022411346,3.03400015830994,6.26249980926514,-0.614000022411346,3.03400015830994,6.26249980926514,
-0.889000058174133,3.2739999294281,6.26849985122681,-0.889000058174133,3.2739999294281,6.26849985122681,-0.632000029087067,3.2739999294281,6.26849985122681,-0.632000029087067,3.2739999294281,6.26849985122681,-0.632000029087067,3.2739999294281,6.26249980926514,-0.632000029087067,3.2739999294281,6.26249980926514,-0.889000058174133,3.2739999294281,6.26249980926514,-0.889000058174133,3.2739999294281,6.26249980926514,-0.889000058174133,3.03400015830994,6.26849985122681,-0.889000058174133,3.03400015830994,6.26849985122681,-0.632000029087067,3.03400015830994,6.26849985122681,-0.632000029087067,3.03400015830994,6.26849985122681,-0.632000029087067,3.03400015830994,6.26249980926514,-0.632000029087067,3.03400015830994,6.26249980926514,-0.889000058174133,3.03400015830994,6.26249980926514,-0.889000058174133,3.03400015830994,6.26249980926514,-1.16400003433228,3.2739999294281,6.26849985122681,-1.16400003433228,3.2739999294281,6.26849985122681,-0.907000064849854,3.2739999294281,6.26849985122681,-0.907000064849854,3.2739999294281,6.26849985122681,-0.907000064849854,3.2739999294281,6.26249980926514,-0.907000064849854,3.2739999294281,6.26249980926514,-1.16400003433228,3.2739999294281,6.26249980926514,-1.16400003433228,3.2739999294281,6.26249980926514,-1.16400003433228,3.03400015830994,6.26849985122681,-1.16400003433228,3.03400015830994,6.26849985122681,-0.907000064849854,3.03400015830994,6.26849985122681,-0.907000064849854,3.03400015830994,6.26849985122681,-0.907000064849854,3.03400015830994,6.26249980926514,-0.907000064849854,3.03400015830994,6.26249980926514,-1.16400003433228,3.03400015830994,6.26249980926514,-1.16400003433228,3.03400015830994,6.26249980926514,-0.33899998664856,3.2739999294281,8.29249954223633,-0.33899998664856,3.2739999294281,8.29249954223633,-0.0820000171661377,3.2739999294281,8.29249954223633,-0.0820000171661377,3.2739999294281,8.29249954223633,-0.0820000171661377,3.2739999294281,8.28649997711182,-0.0820000171661377,3.2739999294281,8.28649997711182,-0.33899998664856,3.2739999294281,8.28649997711182,-0.33899998664856,3.2739999294281,8.28649997711182,
-0.33899998664856,3.03400015830994,8.29249954223633,-0.33899998664856,3.03400015830994,8.29249954223633,-0.0820000171661377,3.03400015830994,8.29249954223633,-0.0820000171661377,3.03400015830994,8.29249954223633,-0.0820000171661377,3.03400015830994,8.28649997711182,-0.0820000171661377,3.03400015830994,8.28649997711182,-0.33899998664856,3.03400015830994,8.28649997711182,-0.33899998664856,3.03400015830994,8.28649997711182,-0.614000022411346,3.2739999294281,8.29249954223633,-0.614000022411346,3.2739999294281,8.29249954223633,-0.357000023126602,3.2739999294281,8.29249954223633,-0.357000023126602,3.2739999294281,8.29249954223633,-0.357000023126602,3.2739999294281,8.28649997711182,-0.357000023126602,3.2739999294281,8.28649997711182,-0.614000022411346,3.2739999294281,8.28649997711182,-0.614000022411346,3.2739999294281,8.28649997711182,-0.614000022411346,3.03400015830994,8.29249954223633,-0.614000022411346,3.03400015830994,8.29249954223633,-0.357000023126602,3.03400015830994,8.29249954223633,-0.357000023126602,3.03400015830994,8.29249954223633,-0.357000023126602,3.03400015830994,8.28649997711182,-0.357000023126602,3.03400015830994,8.28649997711182,-0.614000022411346,3.03400015830994,8.28649997711182,-0.614000022411346,3.03400015830994,8.28649997711182,-0.889000058174133,3.2739999294281,8.29249954223633,-0.889000058174133,3.2739999294281,8.29249954223633,-0.632000029087067,3.2739999294281,8.29249954223633,-0.632000029087067,3.2739999294281,8.29249954223633,-0.632000029087067,3.2739999294281,8.28649997711182,-0.632000029087067,3.2739999294281,8.28649997711182,-0.889000058174133,3.2739999294281,8.28649997711182,-0.889000058174133,3.2739999294281,8.28649997711182,-0.889000058174133,3.03400015830994,8.29249954223633,-0.889000058174133,3.03400015830994,8.29249954223633,-0.632000029087067,3.03400015830994,8.29249954223633,-0.632000029087067,3.03400015830994,8.29249954223633,-0.632000029087067,3.03400015830994,8.28649997711182,-0.632000029087067,3.03400015830994,8.28649997711182,-0.889000058174133,3.03400015830994,8.28649997711182,
-0.889000058174133,3.03400015830994,8.28649997711182,-1.16400003433228,3.2739999294281,8.29249954223633,-1.16400003433228,3.2739999294281,8.29249954223633,-0.907000064849854,3.2739999294281,8.29249954223633,-0.907000064849854,3.2739999294281,8.29249954223633,-0.907000064849854,3.2739999294281,8.28649997711182,-0.907000064849854,3.2739999294281,8.28649997711182,-1.16400003433228,3.2739999294281,8.28649997711182,-1.16400003433228,3.2739999294281,8.28649997711182,-1.16400003433228,3.03400015830994,8.29249954223633,-1.16400003433228,3.03400015830994,8.29249954223633,-0.907000064849854,3.03400015830994,8.29249954223633,-0.907000064849854,3.03400015830994,8.29249954223633,-0.907000064849854,3.03400015830994,8.28649997711182,-0.907000064849854,3.03400015830994,8.28649997711182,-1.16400003433228,3.03400015830994,8.28649997711182,-1.16400003433228,3.03400015830994,8.28649997711182
		} 
		PolygonVertexIndex: *576 {
			a: 1,2,3,-1,5,6,7,-5,9,10,11,-9,13,14,15,-13,17,18,19,-17,21,22,23,-21,25,26,27,-25,29,30,31,-29,33,34,35,-33,37,38,39,-37,41,42,43,-41,45,46,47,-45,49,50,51,-49,53,54,55,-53,57,58,59,-57,61,62,63,-61,65,66,67,-65,69,70,71,-69,73,74,75,-73,77,78,79,-77,81,82,83,-81,85,86,87,-85,89,90,91,-89,93,94,95,-93,97,98,99,-97,101,102,103,-101,105,106,107,-105,109,110,111,-109,113,114,115,-113,117,118,119,-117,121,122,123,-121,125,126,127,-125,129,130,131,-129,133,134,135,-133,137,138,139,-137,141,142,143,-141,145,146,147,-145,149,150,151,-149,153,154,155,-153,157,158,159,-157,161,162,163,-161,165,166,167,-165,169,170,171,-169,173,174,175,-173,177,178,179,-177,181,182,183,-181,185,186,187,-185,189,190,191,-189,193,194,195,-193,197,198,199,-197,201,202,203,-201,205,206,207,-205,209,210,211,-209,213,214,215,-213,217,218,219,-217,221,222,223,-221,225,226,227,-225,229,230,231,-229,233,234,235,-233,237,238,239,-237,241,242,243,-241,245,246,247,-245,249,250,251,-249,253,254,255,-253,257,258,259,-257,261,262,263,-261,265,266,267,-265,269,270,271,-269,273,274,275,-273,277,278,279,-277,281,282,283,-281,285,286,287,-285,289,290,291,-289,293,294,295,-293,297,298,299,-297,301,302,303,-301,305,306,307,-305,309,310,311,-309,313,314,315,-313,317,318,319,-317,321,322,323,-321,325,326,327,-325,329,330,331,-329,333,334,335,-333,337,338,339,-337,341,342,343,-341,345,346,347,-345,349,350,351,-349,353,354,355,-353,357,358,359,-357,361,362,363,-361,365,366,367,-365,369,370,371,-369,373,374,375,-373,377,378,379,-377,381,382,383,-381,384,385,386,-388,391,390,389,-389,562,560,568,-571,566,564,572,-575,561,567,575,-570,565,563,571,-574,392,393,394,-396,399,398,397,-397,546,544,552,-555,550,548,556,-559,545,551,559,-554,549,547,555,-558,400,401,402,-404,407,406,405,-405,530,528,536,-539,534,532,540,-543,529,535,543,-538,533,531,539,-542,408,409,410,-412,415,414,413,-413,514,512,520,-523,518,516,524,-527,513,519,527,-522,517,515,523,-526,416,417,418,-420,423,422,421,-421,498,496,504,-507,502,500,508,-511,497,503,511,-506,501,499,507,-510,
424,425,426,-428,431,430,429,-429,482,480,488,-491,486,484,492,-495,481,487,495,-490,485,483,491,-494,432,433,434,-436,439,438,437,-437,466,464,472,-475,470,468,476,-479,465,471,479,-474,469,467,475,-478,440,441,442,-444,447,446,445,-445,450,448,456,-459,454,452,460,-463,449,455,463,-458,453,451,459,-462
		} 
		GeometryVersion: 124
		LayerElementNormal: 0 {
			Version: 102
			Name: "N"
			MappingInformationType: "ByPolygonVertex"
			ReferenceInformationType: "Direct"
			Normals: *1728 {
				a: -1,-0,-0,-1,-0,0,-1,-0,-0,-1,0,-0,-1,-0,-0,-1,-0,0,-1,-0,-0,-1,0,-0,-1,-0,-0,-1,-0,0,-1,-0,-0,-1,0,-0,-1,-0,-0,-1,-0,0,-1,-0,-0,-1,0,-0,-1,-0,-0,-1,-0,0,-1,-0,-0,-1,0,-0,-1,-0,-0,-1,-0,0,-1,-0,-0,-1,0,-0,-1,-0,-0,-1,-0,0,-1,-0,-0,-1,0,-0,-1,-0,-0,-1,-0,0,-1,-0,-0,-1,0,-0,-1,-0,-0,-1,-0,0,-1,-0,-0,-1,0,-0,-1,-0,-0,-1,-0,0,-1,-0,-0,-1,0,-0,-1,-0,-0,-1,-0,0,-1,-0,-0,-1,0,-0,-1,-0,-0,-1,-0,0,-1,-0,-0,-1,0,-0,-1,-0,-0,-1,-0,0,-1,-0,-0,-1,0,-0,-1,-0,-0,-1,-0,0,-1,-0,-0,-1,0,-0,-1,-0,-0,-1,-0,0,-1,-0,-0,-1,0,-0,-1,-0,-0,-1,-0,0,-1,-0,-0,-1,0,-0,-1,-0,-0,-1,-0,0,-1,-0,-0,-1,0,-0,-1,-0,-0,-1,-0,0,-1,-0,-0,-1,0,-0,-1,-0,-0,-1,-0,0,-1,-0,-0,-1,0,-0,-1,-0,-0,-1,-0,0,-1,-0,-0,-1,0,-0,-1,-0,-0,-1,-0,0,-1,-0,-0,-1,0,-0,-1,-0,-0,-1,-0,0,-1,-0,-0,-1,0,-0,-1,-0,-0,-1,-0,0,-1,-0,-0,-1,0,-0,-1,-0,-0,-1,-0,0,-1,-0,-0,-1,0,-0,-1,-0,-0,-1,-0,0,-1,-0,-0,-1,0,-0,-1,-0,-0,-1,-0,0,-1,-0,-0,-1,0,-0,-1,-0,-0,-1,-0,0,-1,-0,-0,-1,0,-0,-1,-0,-0,-1,-0,0,-1,-0,-0,-1,0,-0,-1,-0,-0,-1,-0,0,-1,-0,-0,-1,0,-0,-1,-0,-0,-1,-0,0,-1,-0,-0,-1,0,-0,-1,-0,-0,-1,-0,0,-1,-0,-0,-1,0,-0,-1,-0,-0,-1,-0,0,-1,-0,-0,-1,0,-0,-1,-0,-0,-1,-0,0,-1,-0,-0,-1,0,-0,-1,-0,-0,-1,-0,0,-1,-0,-0,-1,0,-0,-1,-0,-0,-1,-0,0,-1,-0,-0,-1,0,-0,-1,-0,-0,-1,-0,0,-1,-0,-0,-1,0,-0,-1,-0,-0,-1,-0,0,-1,-0,-0,-1,0,-0,-1,-0,-0,-1,-0,0,-1,-0,-0,-1,0,-0,-1,-0,-0,-1,-0,0,-1,-0,-0,-1,0,-0,-1,-0,-0,-1,-0,0,-1,-0,-0,-1,0,-0,-1,-0,-0,-1,-0,0,-1,-0,-0,-1,0,-0,-1,-0,-0,-1,-0,0,-1,-0,-0,-1,0,-0,-1,-0,-0,-1,-0,0,-1,-0,-0,-1,0,-0,-1,-0,-0,-1,-0,0,-1,-0,-0,-1,0,-0,-1,-0,-0,-1,-0,0,-1,-0,-0,-1,0,-0,-1,-0,-0,-1,-0,0,-1,-0,-0,-1,0,-0,-1,-0,-0,-1,-0,0,-1,-0,-0,-1,0,-0,-1,-0,-0,-1,-0,0,-1,-0,-0,-1,0,-0,1,-0,-0,1,0,0,1,-0,-0,1,-0,-0,1,-0,-0,1,0,0,1,-0,-0,1,-0,-0,1,-0,-0,1,0,0,1,-0,-0,1,-0,-0,1,-0,-0,1,0,0,1,-0,-0,1,-0,-0,1,-0,-0,1,0,0,1,-0,-0,1,-0,-0,1,-0,-0,1,0,0,1,-0,-0,1,-0,-0,1,-0,-0,1,0,0,1,-0,-0,1,-0,-0,1,-0,-0,1,0,0,1,-0,-0,1,-0,-0,1,-0,-0,1,0,0,1,-0,-0,1,-0,-0,1,-0,-0,1,0,0,1,-0,-0,1,-0,-0,1,-0,-0,1,0,0,1,-0,-0,1,-0,-0,1,-0,-0,1,0,0,1,-0,-0,1,-0,-0,1,-0,-0,1,0,0,1,-0,-0,1,-0,-0,1,-0,-0,
1,0,0,1,-0,-0,1,-0,-0,1,-0,-0,1,0,0,1,-0,-0,1,-0,-0,1,-0,-0,1,0,0,1,-0,-0,1,-0,-0,1,-0,-0,1,0,0,1,-0,-0,1,-0,-0,1,-0,-0,1,0,0,1,-0,-0,1,-0,-0,1,-0,-0,1,0,0,1,-0,-0,1,-0,-0,1,-0,-0,1,0,0,1,-0,-0,1,-0,-0,1,-0,-0,1,0,0,1,-0,-0,1,-0,-0,1,-0,-0,1,0,0,1,-0,-0,1,-0,-0,1,-0,-0,1,0,0,1,-0,-0,1,-0,-0,1,-0,-0,1,0,0,1,-0,-0,1,-0,-0,1,-0,-0,1,0,0,1,-0,-0,1,-0,-0,1,-0,-0,1,0,0,1,-0,-0,1,-0,-0,1,-0,-0,1,0,0,1,-0,-0,1,-0,-0,1,-0,-0,1,0,0,1,-0,-0,1,-0,-0,1,-0,-0,1,0,0,1,-0,-0,1,-0,-0,1,-0,-0,1,0,0,1,-0,-0,1,-0,-0,1,-0,-0,1,0,0,1,-0,-0,1,-0,-0,1,-0,-0,1,0,0,1,-0,-0,1,-0,-0,1,-0,-0,1,0,0,1,-0,-0,1,-0,-0,1,-0,-0,1,0,0,1,-0,-0,1,-0,-0,1,-0,-0,1,0,0,1,-0,-0,1,-0,-0,1,-0,-0,1,0,0,1,-0,-0,1,-0,-0,1,-0,-0,1,0,0,1,-0,-0,1,-0,-0,1,-0,-0,1,0,0,1,-0,-0,1,-0,-0,1,-0,-0,1,0,0,1,-0,-0,1,-0,-0,1,-0,-0,1,0,0,1,-0,-0,1,-0,-0,1,-0,-0,1,0,0,1,-0,-0,1,-0,-0,1,-0,-0,1,0,0,1,-0,-0,1,-0,-0,1,-0,-0,1,0,0,1,-0,-0,1,-0,-0,1,-0,-0,1,0,0,1,-0,-0,1,-0,-0,1,-0,-0,1,0,0,1,-0,-0,1,-0,-0,1,-0,-0,1,0,0,1,-0,-0,1,-0,-0,1,-0,-0,1,0,0,1,-0,-0,1,-0,-0,1,-0,-0,1,0,0,1,-0,-0,1,-0,-0,-0,-1,0,-0,-1,-0,0,-1,-0,-0,-1,-0,0,1,0,-0,1,-0,-0,1,-0,-0,1,-0,-0,-0,1,-0,-0,1,-0,-0,1,0,0,1,-0,-0,-1,-0,0,-1,-0,-0,-1,0,-0,-1,-1,-0,0,-1,-0,-0,-1,0,-0,-1,-0,-0,1,0,0,1,-0,-0,1,-0,-0,1,-0,-0,-0,-1,0,-0,-1,-0,0,-1,-0,-0,-1,-0,0,1,0,-0,1,-0,-0,1,-0,-0,1,-0,-0,-0,1,-0,-0,1,-0,-0,1,0,0,1,-0,-0,-1,-0,0,-1,-0,-0,-1,0,-0,-1,-1,-0,0,-1,-0,-0,-1,0,-0,-1,-0,-0,1,0,0,1,-0,-0,1,-0,-0,1,-0,-0,-0,-1,0,-0,-1,-0,0,-1,-0,-0,-1,-0,0,1,0,-0,1,-0,-0,1,-0,-0,1,-0,-0,-0,1,-0,-0,1,-0,-0,1,0,0,1,-0,-0,-1,-0,0,-1,-0,-0,-1,0,-0,-1,-1,-0,0,-1,-0,-0,-1,0,-0,-1,-0,-0,1,0,0,1,-0,-0,1,-0,-0,1,-0,-0,-0,-1,0,-0,-1,-0,0,-1,-0,-0,-1,-0,0,1,0,-0,1,-0,-0,1,-0,-0,1,-0,-0,-0,1,-0,-0,1,-0,-0,1,0,0,1,-0,-0,-1,-0,0,-1,-0,-0,-1,0,-0,-1,-1,-0,0,-1,-0,-0,-1,0,-0,-1,-0,-0,1,0,0,1,-0,-0,1,-0,-0,1,-0,-0,-0,-1,0,-0,-1,-0,0,-1,-0,-0,-1,-0,0,1,0,-0,1,-0,-0,1,-0,-0,1,-0,-0,-0,1,-0,-0,1,-0,-0,1,0,0,1,-0,-0,-1,-0,0,-1,-0,-0,-1,0,-0,-1,-1,-0,0,-1,-0,-0,-1,0,-0,-1,-0,-0,1,0,0,1,-0,-0,1,-0,-0,1,-0,-0,-0,-1,0,-0,-1,-0,0,-1,-0,-0,-1,-0,0,1,0,-0,1,-0,
-0,1,-0,-0,1,-0,-0,-0,1,-0,-0,1,-0,-0,1,0,0,1,-0,-0,-1,-0,0,-1,-0,-0,-1,0,-0,-1,-1,-0,0,-1,-0,-0,-1,0,-0,-1,-0,-0,1,0,0,1,-0,-0,1,-0,-0,1,-0,-0,-0,-1,0,-0,-1,-0,0,-1,-0,-0,-1,-0,0,1,0,-0,1,-0,-0,1,-0,-0,1,-0,-0,-0,1,-0,-0,1,-0,-0,1,0,0,1,-0,-0,-1,-0,0,-1,-0,-0,-1,0,-0,-1,-1,-0,0,-1,-0,-0,-1,0,-0,-1,-0,-0,1,0,0,1,-0,-0,1,-0,-0,1,-0,-0,-0,-1,0,-0,-1,-0,0,-1,-0,-0,-1,-0,0,1,0,-0,1,-0,-0,1,-0,-0,1,-0,-0,-0,1,-0,-0,1,-0,-0,1,0,0,1,-0,-0,-1,-0,0,-1,-0,-0,-1,0,-0,-1,-1,-0,0,-1,-0,-0,-1,0,-0,-1,-0,-0,1,0,0,1,-0,-0,1,-0,-0,1,-0,-0
			} 
			NormalsW: *576 {
				a: 1,1,1,1,1,1,1,1,1,1,1,1,1,1,1,1,1,1,1,1,1,1,1,1,1,1,1,1,1,1,1,1,1,1,1,1,1,1,1,1,1,1,1,1,1,1,1,1,1,1,1,1,1,1,1,1,1,1,1,1,1,1,1,1,1,1,1,1,1,1,1,1,1,1,1,1,1,1,1,1,1,1,1,1,1,1,1,1,1,1,1,1,1,1,1,1,1,1,1,1,1,1,1,1,1,1,1,1,1,1,1,1,1,1,1,1,1,1,1,1,1,1,1,1,1,1,1,1,1,1,1,1,1,1,1,1,1,1,1,1,1,1,1,1,1,1,1,1,1,1,1,1,1,1,1,1,1,1,1,1,1,1,1,1,1,1,1,1,1,1,1,1,1,1,1,1,1,1,1,1,1,1,1,1,1,1,1,1,1,1,1,1,1,1,1,1,1,1,1,1,1,1,1,1,1,1,1,1,1,1,1,1,1,1,1,1,1,1,1,1,1,1,1,1,1,1,1,1,1,1,1,1,1,1,1,1,1,1,1,1,1,1,1,1,1,1,1,1,1,1,1,1,1,1,1,1,1,1,1,1,1,1,1,1,1,1,1,1,1,1,1,1,1,1,1,1,1,1,1,1,1,1,1,1,1,1,1,1,1,1,1,1,1,1,1,1,1,1,1,1,1,1,1,1,1,1,1,1,1,1,1,1,1,1,1,1,1,1,1,1,1,1,1,1,1,1,1,1,1,1,1,1,1,1,1,1,1,1,1,1,1,1,1,1,1,1,1,1,1,1,1,1,1,1,1,1,1,1,1,1,1,1,1,1,1,1,1,1,1,1,1,1,1,1,1,1,1,1,1,1,1,1,1,1,1,1,1,1,1,1,1,1,1,1,1,1,1,1,1,1,1,1,1,1,1,1,1,1,1,1,1,1,1,1,1,1,1,1,1,1,1,1,1,1,1,1,1,1,1,1,1,1,1,1,1,1,1,1,1,1,1,1,1,1,1,1,1,1,1,1,1,1,1,1,1,1,1,1,1,1,1,1,1,1,1,1,1,1,1,1,1,1,1,1,1,1,1,1,1,1,1,1,1,1,1,1,1,1,1,1,1,1,1,1,1,1,1,1,1,1,1,1,1,1,1,1,1,1,1,1,1,1,1,1,1,1,1,1,1,1,1,1,1,1,1,1,1,1,1,1,1,1,1,1,1,1,1,1,1,1,1,1,1,1,1,1,1,1,1,1,1,1,1,1,1,1,1,1,1,1,1,1,1,1,1,1,1,1,1,1,1,1,1,1,1,1
			} 
		}
		LayerElementColor: 0 {
			Version: 101
			Name: "Cd"
			MappingInformationType: "ByVertice"
			ReferenceInformationType: "Direct"
			Colors: *2304 {
				a: 0.519999980926514,0.579999983310699,0.519999980926514,1,0.519999980926514,0.579999983310699,0.519999980926514,1,0.519999980926514,0.579999983310699,0.519999980926514,1,0.519999980926514,0.579999983310699,0.519999980926514,1,0.519999980926514,0.579999983310699,0.519999980926514,1,0.519999980926514,0.579999983310699,0.519999980926514,1,0.519999980926514,0.579999983310699,0.519999980926514,1,0.519999980926514,0.579999983310699,0.519999980926514,1,0.519999980926514,0.579999983310699,0.519999980926514,1,0.519999980926514,0.579999983310699,0.519999980926514,1,0.519999980926514,0.579999983310699,0.519999980926514,1,0.519999980926514,0.579999983310699,0.519999980926514,1,0.519999980926514,0.579999983310699,0.519999980926514,1,0.519999980926514,0.579999983310699,0.519999980926514,1,0.519999980926514,0.579999983310699,0.519999980926514,1,0.519999980926514,0.579999983310699,0.519999980926514,1,0.519999980926514,0.579999983310699,0.519999980926514,1,0.519999980926514,0.579999983310699,0.519999980926514,1,0.519999980926514,0.579999983310699,0.519999980926514,1,0.519999980926514,0.579999983310699,0.519999980926514,1,0.519999980926514,0.579999983310699,0.519999980926514,1,0.519999980926514,0.579999983310699,0.519999980926514,1,0.519999980926514,0.579999983310699,0.519999980926514,1,0.519999980926514,0.579999983310699,0.519999980926514,1,0.519999980926514,0.579999983310699,0.519999980926514,1,0.519999980926514,0.579999983310699,0.519999980926514,1,0.519999980926514,0.579999983310699,0.519999980926514,1,0.519999980926514,0.579999983310699,0.519999980926514,1,0.519999980926514,0.579999983310699,0.519999980926514,1,0.519999980926514,0.579999983310699,0.519999980926514,1,0.519999980926514,0.579999983310699,0.519999980926514,1,0.519999980926514,0.579999983310699,0.519999980926514,1,0.519999980926514,0.579999983310699,0.519999980926514,1,0.519999980926514,0.579999983310699,0.519999980926514,1,0.519999980926514,0.579999983310699,0.519999980926514,1,0.519999980926514,0.579999983310699,0.519999980926514,1,0.519999980926514,
0.579999983310699,0.519999980926514,1,0.519999980926514,0.579999983310699,0.519999980926514,1,0.519999980926514,0.579999983310699,0.519999980926514,1,0.519999980926514,0.579999983310699,0.519999980926514,1,0.519999980926514,0.579999983310699,0.519999980926514,1,0.519999980926514,0.579999983310699,0.519999980926514,1,0.519999980926514,0.579999983310699,0.519999980926514,1,0.519999980926514,0.579999983310699,0.519999980926514,1,0.519999980926514,0.579999983310699,0.519999980926514,1,0.519999980926514,0.579999983310699,0.519999980926514,1,0.519999980926514,0.579999983310699,0.519999980926514,1,0.519999980926514,0.579999983310699,0.519999980926514,1,0.519999980926514,0.579999983310699,0.519999980926514,1,0.519999980926514,0.579999983310699,0.519999980926514,1,0.519999980926514,0.579999983310699,0.519999980926514,1,0.519999980926514,0.579999983310699,0.519999980926514,1,0.519999980926514,0.579999983310699,0.519999980926514,1,0.519999980926514,0.579999983310699,0.519999980926514,1,0.519999980926514,0.579999983310699,0.519999980926514,1,0.519999980926514,0.579999983310699,0.519999980926514,1,0.519999980926514,0.579999983310699,0.519999980926514,1,0.519999980926514,0.579999983310699,0.519999980926514,1,0.519999980926514,0.579999983310699,0.519999980926514,1,0.519999980926514,0.579999983310699,0.519999980926514,1,0.519999980926514,0.579999983310699,0.519999980926514,1,0.519999980926514,0.579999983310699,0.519999980926514,1,0.519999980926514,0.579999983310699,0.519999980926514,1,0.519999980926514,0.579999983310699,0.519999980926514,1,0.519999980926514,0.579999983310699,0.519999980926514,1,0.519999980926514,0.579999983310699,0.519999980926514,1,0.519999980926514,0.579999983310699,0.519999980926514,1,0.519999980926514,0.579999983310699,0.519999980926514,1,0.519999980926514,0.579999983310699,0.519999980926514,1,0.519999980926514,0.579999983310699,0.519999980926514,1,0.519999980926514,0.579999983310699,0.519999980926514,1,0.519999980926514,0.579999983310699,0.519999980926514,1,0.519999980926514,0.579999983310699,0.519999980926514,
1,0.519999980926514,0.579999983310699,0.519999980926514,1,0.519999980926514,0.579999983310699,0.519999980926514,1,0.519999980926514,0.579999983310699,0.519999980926514,1,0.519999980926514,0.579999983310699,0.519999980926514,1,0.519999980926514,0.579999983310699,0.519999980926514,1,0.519999980926514,0.579999983310699,0.519999980926514,1,0.519999980926514,0.579999983310699,0.519999980926514,1,0.519999980926514,0.579999983310699,0.519999980926514,1,0.519999980926514,0.579999983310699,0.519999980926514,1,0.519999980926514,0.579999983310699,0.519999980926514,1,0.519999980926514,0.579999983310699,0.519999980926514,1,0.519999980926514,0.579999983310699,0.519999980926514,1,0.519999980926514,0.579999983310699,0.519999980926514,1,0.519999980926514,0.579999983310699,0.519999980926514,1,0.519999980926514,0.579999983310699,0.519999980926514,1,0.519999980926514,0.579999983310699,0.519999980926514,1,0.519999980926514,0.579999983310699,0.519999980926514,1,0.519999980926514,0.579999983310699,0.519999980926514,1,0.519999980926514,0.579999983310699,0.519999980926514,1,0.519999980926514,0.579999983310699,0.519999980926514,1,0.519999980926514,0.579999983310699,0.519999980926514,1,0.519999980926514,0.579999983310699,0.519999980926514,1,0.519999980926514,0.579999983310699,0.519999980926514,1,0.519999980926514,0.579999983310699,0.519999980926514,1,0.519999980926514,0.579999983310699,0.519999980926514,1,0.519999980926514,0.579999983310699,0.519999980926514,1,0.519999980926514,0.579999983310699,0.519999980926514,1,0.519999980926514,0.579999983310699,0.519999980926514,1,0.519999980926514,0.579999983310699,0.519999980926514,1,0.519999980926514,0.579999983310699,0.519999980926514,1,0.519999980926514,0.579999983310699,0.519999980926514,1,0.519999980926514,0.579999983310699,0.519999980926514,1,0.519999980926514,0.579999983310699,0.519999980926514,1,0.519999980926514,0.579999983310699,0.519999980926514,1,0.519999980926514,0.579999983310699,0.519999980926514,1,0.519999980926514,0.579999983310699,0.519999980926514,1,0.519999980926514,0.579999983310699,
0.519999980926514,1,0.519999980926514,0.579999983310699,0.519999980926514,1,0.519999980926514,0.579999983310699,0.519999980926514,1,0.519999980926514,0.579999983310699,0.519999980926514,1,0.519999980926514,0.579999983310699,0.519999980926514,1,0.519999980926514,0.579999983310699,0.519999980926514,1,0.519999980926514,0.579999983310699,0.519999980926514,1,0.519999980926514,0.579999983310699,0.519999980926514,1,0.519999980926514,0.579999983310699,0.519999980926514,1,0.519999980926514,0.579999983310699,0.519999980926514,1,0.519999980926514,0.579999983310699,0.519999980926514,1,0.519999980926514,0.579999983310699,0.519999980926514,1,0.519999980926514,0.579999983310699,0.519999980926514,1,0.519999980926514,0.579999983310699,0.519999980926514,1,0.519999980926514,0.579999983310699,0.519999980926514,1,0.519999980926514,0.579999983310699,0.519999980926514,1,0.519999980926514,0.579999983310699,0.519999980926514,1,0.519999980926514,0.579999983310699,0.519999980926514,1,0.519999980926514,0.579999983310699,0.519999980926514,1,0.519999980926514,0.579999983310699,0.519999980926514,1,0.519999980926514,0.579999983310699,0.519999980926514,1,0.519999980926514,0.579999983310699,0.519999980926514,1,0.519999980926514,0.579999983310699,0.519999980926514,1,0.519999980926514,0.579999983310699,0.519999980926514,1,0.519999980926514,0.579999983310699,0.519999980926514,1,0.519999980926514,0.579999983310699,0.519999980926514,1,0.519999980926514,0.579999983310699,0.519999980926514,1,0.519999980926514,0.579999983310699,0.519999980926514,1,0.519999980926514,0.579999983310699,0.519999980926514,1,0.519999980926514,0.579999983310699,0.519999980926514,1,0.519999980926514,0.579999983310699,0.519999980926514,1,0.519999980926514,0.579999983310699,0.519999980926514,1,0.519999980926514,0.579999983310699,0.519999980926514,1,0.519999980926514,0.579999983310699,0.519999980926514,1,0.519999980926514,0.579999983310699,0.519999980926514,1,0.519999980926514,0.579999983310699,0.519999980926514,1,0.519999980926514,0.579999983310699,0.519999980926514,1,0.519999980926514,
0.579999983310699,0.519999980926514,1,0.519999980926514,0.579999983310699,0.519999980926514,1,0.519999980926514,0.579999983310699,0.519999980926514,1,0.519999980926514,0.579999983310699,0.519999980926514,1,0.519999980926514,0.579999983310699,0.519999980926514,1,0.519999980926514,0.579999983310699,0.519999980926514,1,0.519999980926514,0.579999983310699,0.519999980926514,1,0.519999980926514,0.579999983310699,0.519999980926514,1,0.519999980926514,0.579999983310699,0.519999980926514,1,0.519999980926514,0.579999983310699,0.519999980926514,1,0.519999980926514,0.579999983310699,0.519999980926514,1,0.519999980926514,0.579999983310699,0.519999980926514,1,0.519999980926514,0.579999983310699,0.519999980926514,1,0.519999980926514,0.579999983310699,0.519999980926514,1,0.519999980926514,0.579999983310699,0.519999980926514,1,0.519999980926514,0.579999983310699,0.519999980926514,1,0.519999980926514,0.579999983310699,0.519999980926514,1,0.519999980926514,0.579999983310699,0.519999980926514,1,0.519999980926514,0.579999983310699,0.519999980926514,1,0.519999980926514,0.579999983310699,0.519999980926514,1,0.519999980926514,0.579999983310699,0.519999980926514,1,0.519999980926514,0.579999983310699,0.519999980926514,1,0.519999980926514,0.579999983310699,0.519999980926514,1,0.519999980926514,0.579999983310699,0.519999980926514,1,0.519999980926514,0.579999983310699,0.519999980926514,1,0.519999980926514,0.579999983310699,0.519999980926514,1,0.519999980926514,0.579999983310699,0.519999980926514,1,0.519999980926514,0.579999983310699,0.519999980926514,1,0.519999980926514,0.579999983310699,0.519999980926514,1,0.519999980926514,0.579999983310699,0.519999980926514,1,0.519999980926514,0.579999983310699,0.519999980926514,1,0.519999980926514,0.579999983310699,0.519999980926514,1,0.519999980926514,0.579999983310699,0.519999980926514,1,0.519999980926514,0.579999983310699,0.519999980926514,1,0.519999980926514,0.579999983310699,0.519999980926514,1,0.519999980926514,0.579999983310699,0.519999980926514,1,0.519999980926514,0.579999983310699,0.519999980926514,
1,0.519999980926514,0.579999983310699,0.519999980926514,1,0.519999980926514,0.579999983310699,0.519999980926514,1,0.519999980926514,0.579999983310699,0.519999980926514,1,0.519999980926514,0.579999983310699,0.519999980926514,1,0.519999980926514,0.579999983310699,0.519999980926514,1,0.519999980926514,0.579999983310699,0.519999980926514,1,0.519999980926514,0.579999983310699,0.519999980926514,1,0.519999980926514,0.579999983310699,0.519999980926514,1,0.519999980926514,0.579999983310699,0.519999980926514,1,0.519999980926514,0.579999983310699,0.519999980926514,1,0.519999980926514,0.579999983310699,0.519999980926514,1,0.519999980926514,0.579999983310699,0.519999980926514,1,0.519999980926514,0.579999983310699,0.519999980926514,1,0.519999980926514,0.579999983310699,0.519999980926514,1,0.519999980926514,0.579999983310699,0.519999980926514,1,0.519999980926514,0.579999983310699,0.519999980926514,1,0.519999980926514,0.579999983310699,0.519999980926514,1,0.519999980926514,0.579999983310699,0.519999980926514,1,0.519999980926514,0.579999983310699,0.519999980926514,1,0.519999980926514,0.579999983310699,0.519999980926514,1,0.519999980926514,0.579999983310699,0.519999980926514,1,0.519999980926514,0.579999983310699,0.519999980926514,1,0.519999980926514,0.579999983310699,0.519999980926514,1,0.519999980926514,0.579999983310699,0.519999980926514,1,0.519999980926514,0.579999983310699,0.519999980926514,1,0.519999980926514,0.579999983310699,0.519999980926514,1,0.519999980926514,0.579999983310699,0.519999980926514,1,0.519999980926514,0.579999983310699,0.519999980926514,1,0.519999980926514,0.579999983310699,0.519999980926514,1,0.519999980926514,0.579999983310699,0.519999980926514,1,0.519999980926514,0.579999983310699,0.519999980926514,1,0.519999980926514,0.579999983310699,0.519999980926514,1,0.519999980926514,0.579999983310699,0.519999980926514,1,0.519999980926514,0.579999983310699,0.519999980926514,1,0.519999980926514,0.579999983310699,0.519999980926514,1,0.519999980926514,0.579999983310699,0.519999980926514,1,0.519999980926514,0.579999983310699,
0.519999980926514,1,0.519999980926514,0.579999983310699,0.519999980926514,1,0.519999980926514,0.579999983310699,0.519999980926514,1,0.519999980926514,0.579999983310699,0.519999980926514,1,0.519999980926514,0.579999983310699,0.519999980926514,1,0.519999980926514,0.579999983310699,0.519999980926514,1,0.519999980926514,0.579999983310699,0.519999980926514,1,0.519999980926514,0.579999983310699,0.519999980926514,1,0.519999980926514,0.579999983310699,0.519999980926514,1,0.519999980926514,0.579999983310699,0.519999980926514,1,0.519999980926514,0.579999983310699,0.519999980926514,1,0.519999980926514,0.579999983310699,0.519999980926514,1,0.519999980926514,0.579999983310699,0.519999980926514,1,0.519999980926514,0.579999983310699,0.519999980926514,1,0.519999980926514,0.579999983310699,0.519999980926514,1,0.519999980926514,0.579999983310699,0.519999980926514,1,0.519999980926514,0.579999983310699,0.519999980926514,1,0.519999980926514,0.579999983310699,0.519999980926514,1,0.519999980926514,0.579999983310699,0.519999980926514,1,0.519999980926514,0.579999983310699,0.519999980926514,1,0.519999980926514,0.579999983310699,0.519999980926514,1,0.519999980926514,0.579999983310699,0.519999980926514,1,0.519999980926514,0.579999983310699,0.519999980926514,1,0.519999980926514,0.579999983310699,0.519999980926514,1,0.519999980926514,0.579999983310699,0.519999980926514,1,0.519999980926514,0.579999983310699,0.519999980926514,1,0.519999980926514,0.579999983310699,0.519999980926514,1,0.519999980926514,0.579999983310699,0.519999980926514,1,0.519999980926514,0.579999983310699,0.519999980926514,1,0.519999980926514,0.579999983310699,0.519999980926514,1,0.519999980926514,0.579999983310699,0.519999980926514,1,0.519999980926514,0.579999983310699,0.519999980926514,1,0.519999980926514,0.579999983310699,0.519999980926514,1,0.519999980926514,0.579999983310699,0.519999980926514,1,0.519999980926514,0.579999983310699,0.519999980926514,1,0.519999980926514,0.579999983310699,0.519999980926514,1,0.519999980926514,0.579999983310699,0.519999980926514,1,0.519999980926514,
0.579999983310699,0.519999980926514,1,0.519999980926514,0.579999983310699,0.519999980926514,1,0.519999980926514,0.579999983310699,0.519999980926514,1,0.519999980926514,0.579999983310699,0.519999980926514,1,0.519999980926514,0.579999983310699,0.519999980926514,1,0.519999980926514,0.579999983310699,0.519999980926514,1,0.519999980926514,0.579999983310699,0.519999980926514,1,0.519999980926514,0.579999983310699,0.519999980926514,1,0.519999980926514,0.579999983310699,0.519999980926514,1,0.519999980926514,0.579999983310699,0.519999980926514,1,0.519999980926514,0.579999983310699,0.519999980926514,1,0.519999980926514,0.579999983310699,0.519999980926514,1,0.519999980926514,0.579999983310699,0.519999980926514,1,0.519999980926514,0.579999983310699,0.519999980926514,1,0.519999980926514,0.579999983310699,0.519999980926514,1,0.519999980926514,0.579999983310699,0.519999980926514,1,0.519999980926514,0.579999983310699,0.519999980926514,1,0.519999980926514,0.579999983310699,0.519999980926514,1,0.519999980926514,0.579999983310699,0.519999980926514,1,0.519999980926514,0.579999983310699,0.519999980926514,1,0.519999980926514,0.579999983310699,0.519999980926514,1,0.519999980926514,0.579999983310699,0.519999980926514,1,0.519999980926514,0.579999983310699,0.519999980926514,1,0.519999980926514,0.579999983310699,0.519999980926514,1,0.519999980926514,0.579999983310699,0.519999980926514,1,0.519999980926514,0.579999983310699,0.519999980926514,1,0.519999980926514,0.579999983310699,0.519999980926514,1,0.519999980926514,0.579999983310699,0.519999980926514,1,0.519999980926514,0.579999983310699,0.519999980926514,1,0.519999980926514,0.579999983310699,0.519999980926514,1,0.519999980926514,0.579999983310699,0.519999980926514,1,0.519999980926514,0.579999983310699,0.519999980926514,1,0.519999980926514,0.579999983310699,0.519999980926514,1,0.519999980926514,0.579999983310699,0.519999980926514,1,0.519999980926514,0.579999983310699,0.519999980926514,1,0.519999980926514,0.579999983310699,0.519999980926514,1,0.519999980926514,0.579999983310699,0.519999980926514,
1,0.519999980926514,0.579999983310699,0.519999980926514,1,0.519999980926514,0.579999983310699,0.519999980926514,1,0.519999980926514,0.579999983310699,0.519999980926514,1,0.519999980926514,0.579999983310699,0.519999980926514,1,0.519999980926514,0.579999983310699,0.519999980926514,1,0.519999980926514,0.579999983310699,0.519999980926514,1,0.519999980926514,0.579999983310699,0.519999980926514,1,0.519999980926514,0.579999983310699,0.519999980926514,1,0.519999980926514,0.579999983310699,0.519999980926514,1,0.519999980926514,0.579999983310699,0.519999980926514,1,0.519999980926514,0.579999983310699,0.519999980926514,1,0.519999980926514,0.579999983310699,0.519999980926514,1,0.519999980926514,0.579999983310699,0.519999980926514,1,0.519999980926514,0.579999983310699,0.519999980926514,1,0.519999980926514,0.579999983310699,0.519999980926514,1,0.519999980926514,0.579999983310699,0.519999980926514,1,0.519999980926514,0.579999983310699,0.519999980926514,1,0.519999980926514,0.579999983310699,0.519999980926514,1,0.519999980926514,0.579999983310699,0.519999980926514,1,0.519999980926514,0.579999983310699,0.519999980926514,1,0.519999980926514,0.579999983310699,0.519999980926514,1,0.519999980926514,0.579999983310699,0.519999980926514,1,0.519999980926514,0.579999983310699,0.519999980926514,1,0.519999980926514,0.579999983310699,0.519999980926514,1,0.519999980926514,0.579999983310699,0.519999980926514,1,0.519999980926514,0.579999983310699,0.519999980926514,1,0.519999980926514,0.579999983310699,0.519999980926514,1,0.519999980926514,0.579999983310699,0.519999980926514,1,0.519999980926514,0.579999983310699,0.519999980926514,1,0.519999980926514,0.579999983310699,0.519999980926514,1,0.519999980926514,0.579999983310699,0.519999980926514,1,0.519999980926514,0.579999983310699,0.519999980926514,1,0.519999980926514,0.579999983310699,0.519999980926514,1,0.519999980926514,0.579999983310699,0.519999980926514,1,0.519999980926514,0.579999983310699,0.519999980926514,1,0.519999980926514,0.579999983310699,0.519999980926514,1,0.519999980926514,0.579999983310699,
0.519999980926514,1,0.519999980926514,0.579999983310699,0.519999980926514,1,0.519999980926514,0.579999983310699,0.519999980926514,1,0.519999980926514,0.579999983310699,0.519999980926514,1,0.519999980926514,0.579999983310699,0.519999980926514,1,0.519999980926514,0.579999983310699,0.519999980926514,1,0.519999980926514,0.579999983310699,0.519999980926514,1,0.519999980926514,0.579999983310699,0.519999980926514,1,0.519999980926514,0.579999983310699,0.519999980926514,1,0.519999980926514,0.579999983310699,0.519999980926514,1,0.519999980926514,0.579999983310699,0.519999980926514,1,0.519999980926514,0.579999983310699,0.519999980926514,1,0.519999980926514,0.579999983310699,0.519999980926514,1,0.519999980926514,0.579999983310699,0.519999980926514,1,0.519999980926514,0.579999983310699,0.519999980926514,1,0.519999980926514,0.579999983310699,0.519999980926514,1,0.519999980926514,0.579999983310699,0.519999980926514,1,0.519999980926514,0.579999983310699,0.519999980926514,1,0.519999980926514,0.579999983310699,0.519999980926514,1,0.519999980926514,0.579999983310699,0.519999980926514,1,0.519999980926514,0.579999983310699,0.519999980926514,1,0.519999980926514,0.579999983310699,0.519999980926514,1,0.519999980926514,0.579999983310699,0.519999980926514,1,0.519999980926514,0.579999983310699,0.519999980926514,1,0.519999980926514,0.579999983310699,0.519999980926514,1,0.519999980926514,0.579999983310699,0.519999980926514,1,0.519999980926514,0.579999983310699,0.519999980926514,1,0.519999980926514,0.579999983310699,0.519999980926514,1,0.519999980926514,0.579999983310699,0.519999980926514,1,0.519999980926514,0.579999983310699,0.519999980926514,1,0.519999980926514,0.579999983310699,0.519999980926514,1,0.519999980926514,0.579999983310699,0.519999980926514,1,0.519999980926514,0.579999983310699,0.519999980926514,1,0.519999980926514,0.579999983310699,0.519999980926514,1,0.519999980926514,0.579999983310699,0.519999980926514,1,0.519999980926514,0.579999983310699,0.519999980926514,1,0.519999980926514,0.579999983310699,0.519999980926514,1,0.519999980926514,
0.579999983310699,0.519999980926514,1,0.519999980926514,0.579999983310699,0.519999980926514,1,0.519999980926514,0.579999983310699,0.519999980926514,1,0.519999980926514,0.579999983310699,0.519999980926514,1,0.519999980926514,0.579999983310699,0.519999980926514,1,0.519999980926514,0.579999983310699,0.519999980926514,1,0.519999980926514,0.579999983310699,0.519999980926514,1,0.519999980926514,0.579999983310699,0.519999980926514,1,0.519999980926514,0.579999983310699,0.519999980926514,1,0.519999980926514,0.579999983310699,0.519999980926514,1,0.519999980926514,0.579999983310699,0.519999980926514,1,0.519999980926514,0.579999983310699,0.519999980926514,1,0.519999980926514,0.579999983310699,0.519999980926514,1,0.519999980926514,0.579999983310699,0.519999980926514,1,0.519999980926514,0.579999983310699,0.519999980926514,1,0.519999980926514,0.579999983310699,0.519999980926514,1,0.519999980926514,0.579999983310699,0.519999980926514,1,0.519999980926514,0.579999983310699,0.519999980926514,1,0.519999980926514,0.579999983310699,0.519999980926514,1,0.519999980926514,0.579999983310699,0.519999980926514,1,0.519999980926514,0.579999983310699,0.519999980926514,1,0.519999980926514,0.579999983310699,0.519999980926514,1,0.519999980926514,0.579999983310699,0.519999980926514,1,0.519999980926514,0.579999983310699,0.519999980926514,1,0.519999980926514,0.579999983310699,0.519999980926514,1,0.519999980926514,0.579999983310699,0.519999980926514,1,0.519999980926514,0.579999983310699,0.519999980926514,1,0.519999980926514,0.579999983310699,0.519999980926514,1,0.519999980926514,0.579999983310699,0.519999980926514,1,0.519999980926514,0.579999983310699,0.519999980926514,1,0.519999980926514,0.579999983310699,0.519999980926514,1,0.519999980926514,0.579999983310699,0.519999980926514,1,0.519999980926514,0.579999983310699,0.519999980926514,1,0.519999980926514,0.579999983310699,0.519999980926514,1,0.519999980926514,0.579999983310699,0.519999980926514,1,0.519999980926514,0.579999983310699,0.519999980926514,1,0.519999980926514,0.579999983310699,0.519999980926514,
1,0.519999980926514,0.579999983310699,0.519999980926514,1,0.519999980926514,0.579999983310699,0.519999980926514,1,0.519999980926514,0.579999983310699,0.519999980926514,1,0.519999980926514,0.579999983310699,0.519999980926514,1,0.519999980926514,0.579999983310699,0.519999980926514,1,0.519999980926514,0.579999983310699,0.519999980926514,1,0.519999980926514,0.579999983310699,0.519999980926514,1,0.519999980926514,0.579999983310699,0.519999980926514,1,0.519999980926514,0.579999983310699,0.519999980926514,1,0.519999980926514,0.579999983310699,0.519999980926514,1,0.519999980926514,0.579999983310699,0.519999980926514,1,0.519999980926514,0.579999983310699,0.519999980926514,1,0.519999980926514,0.579999983310699,0.519999980926514,1,0.519999980926514,0.579999983310699,0.519999980926514,1,0.519999980926514,0.579999983310699,0.519999980926514,1,0.519999980926514,0.579999983310699,0.519999980926514,1,0.519999980926514,0.579999983310699,0.519999980926514,1,0.519999980926514,0.579999983310699,0.519999980926514,1,0.519999980926514,0.579999983310699,0.519999980926514,1,0.519999980926514,0.579999983310699,0.519999980926514,1,0.519999980926514,0.579999983310699,0.519999980926514,1,0.519999980926514,0.579999983310699,0.519999980926514,1,0.519999980926514,0.579999983310699,0.519999980926514,1,0.519999980926514,0.579999983310699,0.519999980926514,1,0.519999980926514,0.579999983310699,0.519999980926514,1,0.519999980926514,0.579999983310699,0.519999980926514,1,0.519999980926514,0.579999983310699,0.519999980926514,1,0.519999980926514,0.579999983310699,0.519999980926514,1,0.519999980926514,0.579999983310699,0.519999980926514,1,0.519999980926514,0.579999983310699,0.519999980926514,1,0.519999980926514,0.579999983310699,0.519999980926514,1,0.519999980926514,0.579999983310699,0.519999980926514,1,0.519999980926514,0.579999983310699,0.519999980926514,1,0.519999980926514,0.579999983310699,0.519999980926514,1,0.519999980926514,0.579999983310699,0.519999980926514,1,0.519999980926514,0.579999983310699,0.519999980926514,1,0.519999980926514,0.579999983310699,
0.519999980926514,1,0.519999980926514,0.579999983310699,0.519999980926514,1,0.519999980926514,0.579999983310699,0.519999980926514,1,0.519999980926514,0.579999983310699,0.519999980926514,1,0.519999980926514,0.579999983310699,0.519999980926514,1,0.519999980926514,0.579999983310699,0.519999980926514,1,0.519999980926514,0.579999983310699,0.519999980926514,1,0.519999980926514,0.579999983310699,0.519999980926514,1,0.519999980926514,0.579999983310699,0.519999980926514,1,0.519999980926514,0.579999983310699,0.519999980926514,1,0.519999980926514,0.579999983310699,0.519999980926514,1,0.519999980926514,0.579999983310699,0.519999980926514,1,0.519999980926514,0.579999983310699,0.519999980926514,1,0.519999980926514,0.579999983310699,0.519999980926514,1,0.519999980926514,0.579999983310699,0.519999980926514,1,0.519999980926514,0.579999983310699,0.519999980926514,1,0.519999980926514,0.579999983310699,0.519999980926514,1,0.519999980926514,0.579999983310699,0.519999980926514,1,0.519999980926514,0.579999983310699,0.519999980926514,1,0.519999980926514,0.579999983310699,0.519999980926514,1,0.519999980926514,0.579999983310699,0.519999980926514,1,0.519999980926514,0.579999983310699,0.519999980926514,1,0.519999980926514,0.579999983310699,0.519999980926514,1,0.519999980926514,0.579999983310699,0.519999980926514,1,0.519999980926514,0.579999983310699,0.519999980926514,1,0.519999980926514,0.579999983310699,0.519999980926514,1,0.519999980926514,0.579999983310699,0.519999980926514,1,0.519999980926514,0.579999983310699,0.519999980926514,1,0.519999980926514,0.579999983310699,0.519999980926514,1,0.519999980926514,0.579999983310699,0.519999980926514,1,0.519999980926514,0.579999983310699,0.519999980926514,1,0.519999980926514,0.579999983310699,0.519999980926514,1,0.519999980926514,0.579999983310699,0.519999980926514,1,0.519999980926514,0.579999983310699,0.519999980926514,1,0.519999980926514,0.579999983310699,0.519999980926514,1,0.519999980926514,0.579999983310699,0.519999980926514,1,0.519999980926514,0.579999983310699,0.519999980926514,1,0.519999980926514,
0.579999983310699,0.519999980926514,1,0.519999980926514,0.579999983310699,0.519999980926514,1,0.519999980926514,0.579999983310699,0.519999980926514,1,0.519999980926514,0.579999983310699,0.519999980926514,1,0.519999980926514,0.579999983310699,0.519999980926514,1,0.519999980926514,0.579999983310699,0.519999980926514,1,0.519999980926514,0.579999983310699,0.519999980926514,1,0.519999980926514,0.579999983310699,0.519999980926514,1,0.519999980926514,0.579999983310699,0.519999980926514,1,0.519999980926514,0.579999983310699,0.519999980926514,1,0.519999980926514,0.579999983310699,0.519999980926514,1,0.519999980926514,0.579999983310699,0.519999980926514,1,0.519999980926514,0.579999983310699,0.519999980926514,1,0.519999980926514,0.579999983310699,0.519999980926514,1,0.519999980926514,0.579999983310699,0.519999980926514,1,0.519999980926514,0.579999983310699,0.519999980926514,1,0.519999980926514,0.579999983310699,0.519999980926514,1,0.519999980926514,0.579999983310699,0.519999980926514,1,0.519999980926514,0.579999983310699,0.519999980926514,1,0.519999980926514,0.579999983310699,0.519999980926514,1,0.519999980926514,0.579999983310699,0.519999980926514,1,0.519999980926514,0.579999983310699,0.519999980926514,1,0.519999980926514,0.579999983310699,0.519999980926514,1,0.519999980926514,0.579999983310699,0.519999980926514,1,0.519999980926514,0.579999983310699,0.519999980926514,1,0.519999980926514,0.579999983310699,0.519999980926514,1,0.519999980926514,0.579999983310699,0.519999980926514,1,0.519999980926514,0.579999983310699,0.519999980926514,1,0.519999980926514,0.579999983310699,0.519999980926514,1,0.519999980926514,0.579999983310699,0.519999980926514,1,0.519999980926514,0.579999983310699,0.519999980926514,1,0.519999980926514,0.579999983310699,0.519999980926514,1,0.519999980926514,0.579999983310699,0.519999980926514,1,0.519999980926514,0.579999983310699,0.519999980926514,1,0.519999980926514,0.579999983310699,0.519999980926514,1,0.519999980926514,0.579999983310699,0.519999980926514,1,0.519999980926514,0.579999983310699,0.519999980926514,
1,0.519999980926514,0.579999983310699,0.519999980926514,1,0.519999980926514,0.579999983310699,0.519999980926514,1,0.519999980926514,0.579999983310699,0.519999980926514,1,0.519999980926514,0.579999983310699,0.519999980926514,1,0.519999980926514,0.579999983310699,0.519999980926514,1,0.519999980926514,0.579999983310699,0.519999980926514,1,0.519999980926514,0.579999983310699,0.519999980926514,1,0.519999980926514,0.579999983310699,0.519999980926514,1,0.519999980926514,0.579999983310699,0.519999980926514,1,0.519999980926514,0.579999983310699,0.519999980926514,1,0.519999980926514,0.579999983310699,0.519999980926514,1,0.519999980926514,0.579999983310699,0.519999980926514,1,0.519999980926514,0.579999983310699,0.519999980926514,1,0.519999980926514,0.579999983310699,0.519999980926514,1,0.519999980926514,0.579999983310699,0.519999980926514,1,0.519999980926514,0.579999983310699,0.519999980926514,1,0.519999980926514,0.579999983310699,0.519999980926514,1,0.519999980926514,0.579999983310699,0.519999980926514,1,0.519999980926514,0.579999983310699,0.519999980926514,1,0.519999980926514,0.579999983310699,0.519999980926514,1,0.519999980926514,0.579999983310699,0.519999980926514,1,0.519999980926514,0.579999983310699,0.519999980926514,1,0.519999980926514,0.579999983310699,0.519999980926514,1,0.519999980926514,0.579999983310699,0.519999980926514,1,0.519999980926514,0.579999983310699,0.519999980926514,1,0.519999980926514,0.579999983310699,0.519999980926514,1,0.519999980926514,0.579999983310699,0.519999980926514,1,0.519999980926514,0.579999983310699,0.519999980926514,1,0.519999980926514,0.579999983310699,0.519999980926514,1,0.519999980926514,0.579999983310699,0.519999980926514,1,0.519999980926514,0.579999983310699,0.519999980926514,1,0.519999980926514,0.579999983310699,0.519999980926514,1,0.519999980926514,0.579999983310699,0.519999980926514,1,0.519999980926514,0.579999983310699,0.519999980926514,1,0.519999980926514,0.579999983310699,0.519999980926514,1,0.519999980926514,0.579999983310699,0.519999980926514,1,0.519999980926514,0.579999983310699,
0.519999980926514,1,0.519999980926514,0.579999983310699,0.519999980926514,1,0.519999980926514,0.579999983310699,0.519999980926514,1,0.519999980926514,0.579999983310699,0.519999980926514,1,0.519999980926514,0.579999983310699,0.519999980926514,1,0.519999980926514,0.579999983310699,0.519999980926514,1,0.519999980926514,0.579999983310699,0.519999980926514,1,0.519999980926514,0.579999983310699,0.519999980926514,1,0.519999980926514,0.579999983310699,0.519999980926514,1,0.519999980926514,0.579999983310699,0.519999980926514,1,0.519999980926514,0.579999983310699,0.519999980926514,1,0.519999980926514,0.579999983310699,0.519999980926514,1,0.519999980926514,0.579999983310699,0.519999980926514,1,0.519999980926514,0.579999983310699,0.519999980926514,1,0.519999980926514,0.579999983310699,0.519999980926514,1,0.519999980926514,0.579999983310699,0.519999980926514,1,0.519999980926514,0.579999983310699,0.519999980926514,1,0.519999980926514,0.579999983310699,0.519999980926514,1,0.519999980926514,0.579999983310699,0.519999980926514,1,0.519999980926514,0.579999983310699,0.519999980926514,1,0.519999980926514,0.579999983310699,0.519999980926514,1,0.519999980926514,0.579999983310699,0.519999980926514,1,0.519999980926514,0.579999983310699,0.519999980926514,1,0.519999980926514,0.579999983310699,0.519999980926514,1,0.519999980926514,0.579999983310699,0.519999980926514,1,0.519999980926514,0.579999983310699,0.519999980926514,1,0.519999980926514,0.579999983310699,0.519999980926514,1
			} 
		}
		LayerElementColor: 1 {
			Version: 101
			Name: "Cd"
			MappingInformationType: "ByPolygon"
			ReferenceInformationType: "Direct"
			Colors: *576 {
				a: 0.519999980926514,0.579999983310699,0.519999980926514,1,0.519999980926514,0.579999983310699,0.519999980926514,1,0.519999980926514,0.579999983310699,0.519999980926514,1,0.519999980926514,0.579999983310699,0.519999980926514,1,0.519999980926514,0.579999983310699,0.519999980926514,1,0.519999980926514,0.579999983310699,0.519999980926514,1,0.519999980926514,0.579999983310699,0.519999980926514,1,0.519999980926514,0.579999983310699,0.519999980926514,1,0.519999980926514,0.579999983310699,0.519999980926514,1,0.519999980926514,0.579999983310699,0.519999980926514,1,0.519999980926514,0.579999983310699,0.519999980926514,1,0.519999980926514,0.579999983310699,0.519999980926514,1,0.519999980926514,0.579999983310699,0.519999980926514,1,0.519999980926514,0.579999983310699,0.519999980926514,1,0.519999980926514,0.579999983310699,0.519999980926514,1,0.519999980926514,0.579999983310699,0.519999980926514,1,0.519999980926514,0.579999983310699,0.519999980926514,1,0.519999980926514,0.579999983310699,0.519999980926514,1,0.519999980926514,0.579999983310699,0.519999980926514,1,0.519999980926514,0.579999983310699,0.519999980926514,1,0.519999980926514,0.579999983310699,0.519999980926514,1,0.519999980926514,0.579999983310699,0.519999980926514,1,0.519999980926514,0.579999983310699,0.519999980926514,1,0.519999980926514,0.579999983310699,0.519999980926514,1,0.519999980926514,0.579999983310699,0.519999980926514,1,0.519999980926514,0.579999983310699,0.519999980926514,1,0.519999980926514,0.579999983310699,0.519999980926514,1,0.519999980926514,0.579999983310699,0.519999980926514,1,0.519999980926514,0.579999983310699,0.519999980926514,1,0.519999980926514,0.579999983310699,0.519999980926514,1,0.519999980926514,0.579999983310699,0.519999980926514,1,0.519999980926514,0.579999983310699,0.519999980926514,1,0.519999980926514,0.579999983310699,0.519999980926514,1,0.519999980926514,0.579999983310699,0.519999980926514,1,0.519999980926514,0.579999983310699,0.519999980926514,1,0.519999980926514,0.579999983310699,0.519999980926514,1,0.519999980926514,
0.579999983310699,0.519999980926514,1,0.519999980926514,0.579999983310699,0.519999980926514,1,0.519999980926514,0.579999983310699,0.519999980926514,1,0.519999980926514,0.579999983310699,0.519999980926514,1,0.519999980926514,0.579999983310699,0.519999980926514,1,0.519999980926514,0.579999983310699,0.519999980926514,1,0.519999980926514,0.579999983310699,0.519999980926514,1,0.519999980926514,0.579999983310699,0.519999980926514,1,0.519999980926514,0.579999983310699,0.519999980926514,1,0.519999980926514,0.579999983310699,0.519999980926514,1,0.519999980926514,0.579999983310699,0.519999980926514,1,0.519999980926514,0.579999983310699,0.519999980926514,1,0.519999980926514,0.579999983310699,0.519999980926514,1,0.519999980926514,0.579999983310699,0.519999980926514,1,0.519999980926514,0.579999983310699,0.519999980926514,1,0.519999980926514,0.579999983310699,0.519999980926514,1,0.519999980926514,0.579999983310699,0.519999980926514,1,0.519999980926514,0.579999983310699,0.519999980926514,1,0.519999980926514,0.579999983310699,0.519999980926514,1,0.519999980926514,0.579999983310699,0.519999980926514,1,0.519999980926514,0.579999983310699,0.519999980926514,1,0.519999980926514,0.579999983310699,0.519999980926514,1,0.519999980926514,0.579999983310699,0.519999980926514,1,0.519999980926514,0.579999983310699,0.519999980926514,1,0.519999980926514,0.579999983310699,0.519999980926514,1,0.519999980926514,0.579999983310699,0.519999980926514,1,0.519999980926514,0.579999983310699,0.519999980926514,1,0.519999980926514,0.579999983310699,0.519999980926514,1,0.519999980926514,0.579999983310699,0.519999980926514,1,0.519999980926514,0.579999983310699,0.519999980926514,1,0.519999980926514,0.579999983310699,0.519999980926514,1,0.519999980926514,0.579999983310699,0.519999980926514,1,0.519999980926514,0.579999983310699,0.519999980926514,1,0.519999980926514,0.579999983310699,0.519999980926514,1,0.519999980926514,0.579999983310699,0.519999980926514,1,0.519999980926514,0.579999983310699,0.519999980926514,1,0.519999980926514,0.579999983310699,0.519999980926514,
1,0.519999980926514,0.579999983310699,0.519999980926514,1,0.519999980926514,0.579999983310699,0.519999980926514,1,0.519999980926514,0.579999983310699,0.519999980926514,1,0.519999980926514,0.579999983310699,0.519999980926514,1,0.519999980926514,0.579999983310699,0.519999980926514,1,0.519999980926514,0.579999983310699,0.519999980926514,1,0.519999980926514,0.579999983310699,0.519999980926514,1,0.519999980926514,0.579999983310699,0.519999980926514,1,0.519999980926514,0.579999983310699,0.519999980926514,1,0.519999980926514,0.579999983310699,0.519999980926514,1,0.519999980926514,0.579999983310699,0.519999980926514,1,0.519999980926514,0.579999983310699,0.519999980926514,1,0.519999980926514,0.579999983310699,0.519999980926514,1,0.519999980926514,0.579999983310699,0.519999980926514,1,0.519999980926514,0.579999983310699,0.519999980926514,1,0.519999980926514,0.579999983310699,0.519999980926514,1,0.519999980926514,0.579999983310699,0.519999980926514,1,0.519999980926514,0.579999983310699,0.519999980926514,1,0.519999980926514,0.579999983310699,0.519999980926514,1,0.519999980926514,0.579999983310699,0.519999980926514,1,0.519999980926514,0.579999983310699,0.519999980926514,1,0.519999980926514,0.579999983310699,0.519999980926514,1,0.519999980926514,0.579999983310699,0.519999980926514,1,0.519999980926514,0.579999983310699,0.519999980926514,1,0.519999980926514,0.579999983310699,0.519999980926514,1,0.519999980926514,0.579999983310699,0.519999980926514,1,0.519999980926514,0.579999983310699,0.519999980926514,1,0.519999980926514,0.579999983310699,0.519999980926514,1,0.519999980926514,0.579999983310699,0.519999980926514,1,0.519999980926514,0.579999983310699,0.519999980926514,1,0.519999980926514,0.579999983310699,0.519999980926514,1,0.519999980926514,0.579999983310699,0.519999980926514,1,0.519999980926514,0.579999983310699,0.519999980926514,1,0.519999980926514,0.579999983310699,0.519999980926514,1,0.519999980926514,0.579999983310699,0.519999980926514,1,0.519999980926514,0.579999983310699,0.519999980926514,1,0.519999980926514,0.579999983310699,
0.519999980926514,1,0.519999980926514,0.579999983310699,0.519999980926514,1,0.519999980926514,0.579999983310699,0.519999980926514,1,0.519999980926514,0.579999983310699,0.519999980926514,1,0.519999980926514,0.579999983310699,0.519999980926514,1,0.519999980926514,0.579999983310699,0.519999980926514,1,0.519999980926514,0.579999983310699,0.519999980926514,1,0.519999980926514,0.579999983310699,0.519999980926514,1,0.519999980926514,0.579999983310699,0.519999980926514,1,0.519999980926514,0.579999983310699,0.519999980926514,1,0.519999980926514,0.579999983310699,0.519999980926514,1,0.519999980926514,0.579999983310699,0.519999980926514,1,0.519999980926514,0.579999983310699,0.519999980926514,1,0.519999980926514,0.579999983310699,0.519999980926514,1,0.519999980926514,0.579999983310699,0.519999980926514,1,0.519999980926514,0.579999983310699,0.519999980926514,1,0.519999980926514,0.579999983310699,0.519999980926514,1,0.519999980926514,0.579999983310699,0.519999980926514,1,0.519999980926514,0.579999983310699,0.519999980926514,1,0.519999980926514,0.579999983310699,0.519999980926514,1,0.519999980926514,0.579999983310699,0.519999980926514,1,0.519999980926514,0.579999983310699,0.519999980926514,1,0.519999980926514,0.579999983310699,0.519999980926514,1,0.519999980926514,0.579999983310699,0.519999980926514,1,0.519999980926514,0.579999983310699,0.519999980926514,1,0.519999980926514,0.579999983310699,0.519999980926514,1,0.519999980926514,0.579999983310699,0.519999980926514,1,0.519999980926514,0.579999983310699,0.519999980926514,1,0.519999980926514,0.579999983310699,0.519999980926514,1,0.519999980926514,0.579999983310699,0.519999980926514,1,0.519999980926514,0.579999983310699,0.519999980926514,1,0.519999980926514,0.579999983310699,0.519999980926514,1,0.519999980926514,0.579999983310699,0.519999980926514,1,0.519999980926514,0.579999983310699,0.519999980926514,1,0.519999980926514,0.579999983310699,0.519999980926514,1
			} 
		}
		LayerElementUV: 0 {
			Version: 101
			Name: "DiffuseUV"
			MappingInformationType: "ByPolygonVertex"
			ReferenceInformationType: "IndexToDirect"
			UV: *2 {
				a: 0,0
			} 
			UVIndex: *576 {
				a: 0,0,0,0,0,0,0,0,0,0,0,0,0,0,0,0,0,0,0,0,0,0,0,0,0,0,0,0,0,0,0,0,0,0,0,0,0,0,0,0,0,0,0,0,0,0,0,0,0,0,0,0,0,0,0,0,0,0,0,0,0,0,0,0,0,0,0,0,0,0,0,0,0,0,0,0,0,0,0,0,0,0,0,0,0,0,0,0,0,0,0,0,0,0,0,0,0,0,0,0,0,0,0,0,0,0,0,0,0,0,0,0,0,0,0,0,0,0,0,0,0,0,0,0,0,0,0,0,0,0,0,0,0,0,0,0,0,0,0,0,0,0,0,0,0,0,0,0,0,0,0,0,0,0,0,0,0,0,0,0,0,0,0,0,0,0,0,0,0,0,0,0,0,0,0,0,0,0,0,0,0,0,0,0,0,0,0,0,0,0,0,0,0,0,0,0,0,0,0,0,0,0,0,0,0,0,0,0,0,0,0,0,0,0,0,0,0,0,0,0,0,0,0,0,0,0,0,0,0,0,0,0,0,0,0,0,0,0,0,0,0,0,0,0,0,0,0,0,0,0,0,0,0,0,0,0,0,0,0,0,0,0,0,0,0,0,0,0,0,0,0,0,0,0,0,0,0,0,0,0,0,0,0,0,0,0,0,0,0,0,0,0,0,0,0,0,0,0,0,0,0,0,0,0,0,0,0,0,0,0,0,0,0,0,0,0,0,0,0,0,0,0,0,0,0,0,0,0,0,0,0,0,0,0,0,0,0,0,0,0,0,0,0,0,0,0,0,0,0,0,0,0,0,0,0,0,0,0,0,0,0,0,0,0,0,0,0,0,0,0,0,0,0,0,0,0,0,0,0,0,0,0,0,0,0,0,0,0,0,0,0,0,0,0,0,0,0,0,0,0,0,0,0,0,0,0,0,0,0,0,0,0,0,0,0,0,0,0,0,0,0,0,0,0,0,0,0,0,0,0,0,0,0,0,0,0,0,0,0,0,0,0,0,0,0,0,0,0,0,0,0,0,0,0,0,0,0,0,0,0,0,0,0,0,0,0,0,0,0,0,0,0,0,0,0,0,0,0,0,0,0,0,0,0,0,0,0,0,0,0,0,0,0,0,0,0,0,0,0,0,0,0,0,0,0,0,0,0,0,0,0,0,0,0,0,0,0,0,0,0,0,0,0,0,0,0,0,0,0,0,0,0,0,0,0,0,0,0,0,0,0,0,0,0,0,0,0,0,0,0,0,0,0,0,0,0,0,0,0,0,0,0,0,0,0,0,0,0,0,0,0,0,0,0,0,0
			} 
		}
		LayerElementUserData: 0 {
			Version: 101
			Name: "UserDataLayer0"
			MappingInformationType: "ByVertice"
			ReferenceInformationType: "Direct"
			UserDataId: 0
			UserDataArray:  {
				UserDataType: "Float"
				UserDataName: "uvl_0"
				UserData: *576 {
					a: 0.4534528,0.6821194,0.6821194,0.4534528,0.4534528,0.6821194,0.6821194,0.4534528,0.6821194,0.9107861,0.9107861,0.6821194,0.6821194,0.9107861,0.9107861,0.6821194,0.9107861,1.139453,1.139453,0.9107861,0.9107861,1.139453,1.139453,0.9107861,0.4534528,0.6821194,0.6821194,0.4534528,0.4534528,0.6821194,0.6821194,0.4534528,0.6821194,0.9107861,0.9107861,0.6821194,0.6821194,0.9107861,0.9107861,0.6821194,0.9107861,1.139453,1.139453,0.9107861,0.9107861,1.139453,1.139453,0.9107861,0.4534528,0.6821194,0.6821194,0.4534528,0.4534528,0.6821194,0.6821194,0.4534528,0.6821194,0.9107861,0.9107861,0.6821194,0.6821194,0.9107861,0.9107861,0.6821194,0.9107861,1.139453,1.139453,0.9107861,0.9107861,1.139453,1.139453,0.9107861,0.4534528,0.6821194,0.6821194,0.4534528,0.4534528,0.6821194,0.6821194,0.4534528,0.6821194,0.9107861,0.9107861,0.6821194,0.6821194,0.9107861,0.9107861,0.6821194,0.9107861,1.139453,1.139453,0.9107861,0.9107861,1.139453,1.139453,0.9107861,0.4534528,0.6821194,0.6821194,0.4534528,0.4534528,0.6821194,0.6821194,0.4534528,0.6821194,0.9107861,0.9107861,0.6821194,0.6821194,0.9107861,0.9107861,0.6821194,0.9107861,1.139453,1.139453,0.9107861,0.9107861,1.139453,1.139453,0.9107861,0.4534528,0.6821194,0.6821194,0.4534528,0.4534528,0.6821194,0.6821194,0.4534528,0.6821194,0.9107861,0.9107861,0.6821194,0.6821194,0.9107861,0.9107861,0.6821194,0.9107861,1.139453,1.139453,0.9107861,0.9107861,1.139453,1.139453,0.9107861,0.4534528,0.6821194,0.6821194,0.4534528,0.4534528,0.6821194,0.6821194,0.4534528,0.6821194,0.9107861,0.9107861,0.6821194,0.6821194,0.9107861,0.9107861,0.6821194,0.9107861,1.139453,1.139453,0.9107861,0.9107861,1.139453,1.139453,0.9107861,0.4534528,0.6821194,0.6821194,0.4534528,0.4534528,0.6821194,0.6821194,0.4534528,0.6821194,0.9107861,0.9107861,0.6821194,0.6821194,0.9107861,0.9107861,0.6821194,0.9107861,1.139453,1.139453,0.9107861,0.9107861,1.139453,1.139453,0.9107861,0.4534528,0.6821194,0.6821194,0.4534528,0.4534528,0.6821194,0.6821194,0.4534528,0.6821194,0.9107861,0.9107861,0.6821194,0.6821194,0.9107861,
0.9107861,0.6821194,0.9107861,1.139453,1.139453,0.9107861,0.9107861,1.139453,1.139453,0.9107861,0.4534528,0.6821194,0.6821194,0.4534528,0.4534528,0.6821194,0.6821194,0.4534528,0.6821194,0.9107861,0.9107861,0.6821194,0.6821194,0.9107861,0.9107861,0.6821194,0.9107861,1.139453,1.139453,0.9107861,0.9107861,1.139453,1.139453,0.9107861,0.4534528,0.6821194,0.6821194,0.4534528,0.4534528,0.6821194,0.6821194,0.4534528,0.6821194,0.9107861,0.9107861,0.6821194,0.6821194,0.9107861,0.9107861,0.6821194,0.9107861,1.139453,1.139453,0.9107861,0.9107861,1.139453,1.139453,0.9107861,0.4534528,0.6821194,0.6821194,0.4534528,0.4534528,0.6821194,0.6821194,0.4534528,0.6821194,0.9107861,0.9107861,0.6821194,0.6821194,0.9107861,0.9107861,0.6821194,0.9107861,1.139453,1.139453,0.9107861,0.9107861,1.139453,1.139453,0.9107861,0.4534528,0.6821194,0.6821194,0.4534528,0.4534528,0.6821194,0.6821194,0.4534528,0.6821194,0.9107861,0.9107861,0.6821194,0.6821194,0.9107861,0.9107861,0.6821194,0.9107861,1.139453,1.139453,0.9107861,0.9107861,1.139453,1.139453,0.9107861,0.4534528,0.6821194,0.6821194,0.4534528,0.4534528,0.6821194,0.6821194,0.4534528,0.6821194,0.9107861,0.9107861,0.6821194,0.6821194,0.9107861,0.9107861,0.6821194,0.9107861,1.139453,1.139453,0.9107861,0.9107861,1.139453,1.139453,0.9107861,0.4534528,0.6821194,0.6821194,0.4534528,0.4534528,0.6821194,0.6821194,0.4534528,0.6821194,0.9107861,0.9107861,0.6821194,0.6821194,0.9107861,0.9107861,0.6821194,0.9107861,1.139453,1.139453,0.9107861,0.9107861,1.139453,1.139453,0.9107861,0.4534528,0.6821194,0.6821194,0.4534528,0.4534528,0.6821194,0.6821194,0.4534528,0.6821194,0.9107861,0.9107861,0.6821194,0.6821194,0.9107861,0.9107861,0.6821194,0.9107861,1.139453,1.139453,0.9107861,0.9107861,1.139453,1.139453,0.9107861,0,0,0,0,0,0,0,0,0,0,0,0,0,0,0,0,0,0,0,0,0,0,0,0,0,0,0,0,0,0,0,0,0,0,0,0,0,0,0,0,0,0,0,0,0,0,0,0,0,0,0,0,0,0,0,0,0,0,0,0,0,0,0,0,0,0,0,0,0,0,0,0,0,0,0,0,0,0,0,0,0,0,0,0,0,0,0,0,0,0,0,0,0,0,0,0,0,0,0,0,0,0,0,0,0,0,0,0,0,0,0,0,0,0,0,0,0,0,0,0,0,0,0,0,0,0,0,0,0,0,0,0,0,0,0,0,0,0,0,0,0,0,0,0,0,0,0,0,0,0,0,
0,0,0,0,0,0,0,0,0,0,0,0,0,0,0,0,0,0,0,0,0,0,0,0,0,0,0,0,0,0,0,0,0,0,0,0,0,0,0,0,0
				} 
			}
			UserDataArray:  {
				UserDataType: "Float"
				UserDataName: "uvl_1"
				UserData: *576 {
					a: 1.530953,1.530953,1.855203,1.855203,1.855203,1.855203,2.179453,2.179453,1.530953,1.530953,1.855203,1.855203,1.855203,1.855203,2.179453,2.179453,1.530953,1.530953,1.855203,1.855203,1.855203,1.855203,2.179453,2.179453,1.028203,1.028203,1.352453,1.352453,1.352453,1.352453,1.676703,1.676703,1.028203,1.028203,1.352453,1.352453,1.352453,1.352453,1.676703,1.676703,1.028203,1.028203,1.352453,1.352453,1.352453,1.352453,1.676703,1.676703,1.530953,1.530953,1.855203,1.855203,1.855203,1.855203,2.179453,2.179453,1.530953,1.530953,1.855203,1.855203,1.855203,1.855203,2.179453,2.179453,1.530953,1.530953,1.855203,1.855203,1.855203,1.855203,2.179453,2.179453,1.028203,1.028203,1.352453,1.352453,1.352453,1.352453,1.676703,1.676703,1.028203,1.028203,1.352453,1.352453,1.352453,1.352453,1.676703,1.676703,1.028203,1.028203,1.352453,1.352453,1.352453,1.352453,1.676703,1.676703,1.530953,1.530953,1.855203,1.855203,1.855203,1.855203,2.179453,2.179453,1.530953,1.530953,1.855203,1.855203,1.855203,1.855203,2.179453,2.179453,1.530953,1.530953,1.855203,1.855203,1.855203,1.855203,2.179453,2.179453,1.028203,1.028203,1.352453,1.352453,1.352453,1.352453,1.676703,1.676703,1.028203,1.028203,1.352453,1.352453,1.352453,1.352453,1.676703,1.676703,1.028203,1.028203,1.352453,1.352453,1.352453,1.352453,1.676703,1.676703,1.530953,1.530953,1.855203,1.855203,1.855203,1.855203,2.179453,2.179453,1.530953,1.530953,1.855203,1.855203,1.855203,1.855203,2.179453,2.179453,1.530953,1.530953,1.855203,1.855203,1.855203,1.855203,2.179453,2.179453,1.028203,1.028203,1.352453,1.352453,1.352453,1.352453,1.676703,1.676703,1.028203,1.028203,1.352453,1.352453,1.352453,1.352453,1.676703,1.676703,1.028203,1.028203,1.352453,1.352453,1.352453,1.352453,1.676703,1.676703,1.530953,1.530953,1.855203,1.855203,1.855203,1.855203,2.179453,2.179453,1.530953,1.530953,1.855203,1.855203,1.855203,1.855203,2.179453,2.179453,1.530953,1.530953,1.855203,1.855203,1.855203,1.855203,2.179453,2.179453,1.028203,1.028203,1.352453,1.352453,1.352453,1.352453,1.676703,1.676703,1.028203,
1.028203,1.352453,1.352453,1.352453,1.352453,1.676703,1.676703,1.028203,1.028203,1.352453,1.352453,1.352453,1.352453,1.676703,1.676703,1.530953,1.530953,1.855203,1.855203,1.855203,1.855203,2.179453,2.179453,1.530953,1.530953,1.855203,1.855203,1.855203,1.855203,2.179453,2.179453,1.530953,1.530953,1.855203,1.855203,1.855203,1.855203,2.179453,2.179453,1.028203,1.028203,1.352453,1.352453,1.352453,1.352453,1.676703,1.676703,1.028203,1.028203,1.352453,1.352453,1.352453,1.352453,1.676703,1.676703,1.028203,1.028203,1.352453,1.352453,1.352453,1.352453,1.676703,1.676703,1.530953,1.530953,1.855203,1.855203,1.855203,1.855203,2.179453,2.179453,1.530953,1.530953,1.855203,1.855203,1.855203,1.855203,2.179453,2.179453,1.530953,1.530953,1.855203,1.855203,1.855203,1.855203,2.179453,2.179453,1.028203,1.028203,1.352453,1.352453,1.352453,1.352453,1.676703,1.676703,1.028203,1.028203,1.352453,1.352453,1.352453,1.352453,1.676703,1.676703,1.028203,1.028203,1.352453,1.352453,1.352453,1.352453,1.676703,1.676703,1.530953,1.530953,1.855203,1.855203,1.855203,1.855203,2.179453,2.179453,1.530953,1.530953,1.855203,1.855203,1.855203,1.855203,2.179453,2.179453,1.530953,1.530953,1.855203,1.855203,1.855203,1.855203,2.179453,2.179453,1.028203,1.028203,1.352453,1.352453,1.352453,1.352453,1.676703,1.676703,1.028203,1.028203,1.352453,1.352453,1.352453,1.352453,1.676703,1.676703,1.028203,1.028203,1.352453,1.352453,1.352453,1.352453,1.676703,1.676703,0,0,0,0,0,0,0,0,0,0,0,0,0,0,0,0,0,0,0,0,0,0,0,0,0,0,0,0,0,0,0,0,0,0,0,0,0,0,0,0,0,0,0,0,0,0,0,0,0,0,0,0,0,0,0,0,0,0,0,0,0,0,0,0,0,0,0,0,0,0,0,0,0,0,0,0,0,0,0,0,0,0,0,0,0,0,0,0,0,0,0,0,0,0,0,0,0,0,0,0,0,0,0,0,0,0,0,0,0,0,0,0,0,0,0,0,0,0,0,0,0,0,0,0,0,0,0,0,0,0,0,0,0,0,0,0,0,0,0,0,0,0,0,0,0,0,0,0,0,0,0,0,0,0,0,0,0,0,0,0,0,0,0,0,0,0,0,0,0,0,0,0,0,0,0,0,0,0,0,0,0,0,0,0,0,0,0,0,0,0,0,0
				} 
			}
			UserDataArray:  {
				UserDataType: "Float"
				UserDataName: "uvl_2"
				UserData: *576 {
					a: 0,0,0,0,0,0,0,0,0,0,0,0,0,0,0,0,0,0,0,0,0,0,0,0,0,0,0,0,0,0,0,0,0,0,0,0,0,0,0,0,0,0,0,0,0,0,0,0,0,0,0,0,0,0,0,0,0,0,0,0,0,0,0,0,0,0,0,0,0,0,0,0,0,0,0,0,0,0,0,0,0,0,0,0,0,0,0,0,0,0,0,0,0,0,0,0,0,0,0,0,0,0,0,0,0,0,0,0,0,0,0,0,0,0,0,0,0,0,0,0,0,0,0,0,0,0,0,0,0,0,0,0,0,0,0,0,0,0,0,0,0,0,0,0,0,0,0,0,0,0,0,0,0,0,0,0,0,0,0,0,0,0,0,0,0,0,0,0,0,0,0,0,0,0,0,0,0,0,0,0,0,0,0,0,0,0,0,0,0,0,0,0,0,0,0,0,0,0,0,0,0,0,0,0,0,0,0,0,0,0,0,0,0,0,0,0,0,0,0,0,0,0,0,0,0,0,0,0,0,0,0,0,0,0,0,0,0,0,0,0,0,0,0,0,0,0,0,0,0,0,0,0,0,0,0,0,0,0,0,0,0,0,0,0,0,0,0,0,0,0,0,0,0,0,0,0,0,0,0,0,0,0,0,0,0,0,0,0,0,0,0,0,0,0,0,0,0,0,0,0,0,0,0,0,0,0,0,0,0,0,0,0,0,0,0,0,0,0,0,0,0,0,0,0,0,0,0,0,0,0,0,0,0,0,0,0,0,0,0,0,0,0,0,0,0,0,0,0,0,0,0,0,0,0,0,0,0,0,0,0,0,0,0,0,0,0,0,0,0,0,0,0,0,0,0,0,0,0,0,0,0,0,0,0,0,0,0,0,0,0,0,0,0,0,0,0,0,0,0,0,0,0,0,0,0,0,0,0,0,0,0,0,0,0,0,0,0,0,0,0,0,0,0,0,0,0,0,0,0,0,0,0,0,0,0,0,0,0,0,0,0,0,0,0,0,0,0,0,0,0,0,0,0,0,0,0,0,0,0,0,0,0,0,0,0,0,0,0,0,0,0,0,0,0,0,0,0,0,0,0,0,0,0,0,0,0,0,0,0,0,0,0,0,0,0,0,0,0,0,0,0,0,0,0,0,0,0,0,0,0,0,0,0,0,0,0,0,0,0,0,0,0,0,0,0,0,0,0,0,0,0,0,0,0,0,0,0,0,0,0,0,0,0,0,0,0,0,0,0,0,0,0,0,0,0,0,0,0,0,0,0,0,0,0,0,0,0,0,0,0,0,0,0,0,0,0
				} 
			}
		}
		LayerElementUserData: 1 {
			Version: 101
			Name: "UserDataLayer1"
			MappingInformationType: "ByPolygonVertex"
			ReferenceInformationType: "Direct"
			UserDataId: 1
			UserDataArray:  {
				UserDataType: "Float"
				UserDataName: "edge_mask"
				UserData: *576 {
					a: 0,0,0,0,0,0,0,0,0,0,0,0,0,0,0,0,0,0,0,0,0,0,0,0,0,0,0,0,0,0,0,0,0,0,0,0,0,0,0,0,0,0,0,0,0,0,0,0,0,0,0,0,0,0,0,0,0,0,0,0,0,0,0,0,0,0,0,0,0,0,0,0,0,0,0,0,0,0,0,0,0,0,0,0,0,0,0,0,0,0,0,0,0,0,0,0,0,0,0,0,0,0,0,0,0,0,0,0,0,0,0,0,0,0,0,0,0,0,0,0,0,0,0,0,0,0,0,0,0,0,0,0,0,0,0,0,0,0,0,0,0,0,0,0,0,0,0,0,0,0,0,0,0,0,0,0,0,0,0,0,0,0,0,0,0,0,0,0,0,0,0,0,0,0,0,0,0,0,0,0,0,0,0,0,0,0,0,0,0,0,0,0,0,0,0,0,0,0,0,0,0,0,0,0,0,0,0,0,0,0,0,0,0,0,0,0,0,0,0,0,0,0,0,0,0,0,0,0,0,0,0,0,0,0,0,0,0,0,0,0,0,0,0,0,0,0,0,0,0,0,0,0,0,0,0,0,0,0,0,0,0,0,0,0,0,0,0,0,0,0,0,0,0,0,0,0,0,0,0,0,0,0,0,0,0,0,0,0,0,0,0,0,0,0,0,0,0,0,0,0,0,0,0,0,0,0,0,0,0,0,0,0,0,0,0,0,0,0,0,0,0,0,0,0,0,0,0,0,0,0,0,0,0,0,0,0,0,0,0,0,0,0,0,0,0,0,0,0,0,0,0,0,0,0,0,0,0,0,0,0,0,0,0,0,0,0,0,0,0,0,0,0,0,0,0,0,0,0,0,0,0,0,0,0,0,0,0,0,0,0,0,0,0,0,0,0,0,0,0,0,0,0,0,0,0,0,0,0,0,0,0,0,0,0,0,0,0,0,0,0,0,0,0,0,0,0,0,0,0,0,0,0,0,0,0,0,0,0,0,0,0,0,0,0,0,0,0,0,0,0,0,0,0,0,0,0,0,0,0,0,0,0,0,0,0,0,0,0,0,0,0,0,0,0,0,0,0,0,0,0,0,0,0,0,0,0,0,0,0,0,0,0,0,0,0,0,0,0,0,0,0,0,0,0,0,0,0,0,0,0,0,0,0,0,0,0,0,0,0,0,0,0,0,0,0,0,0,0,0,0,0,0,0,0,0,0,0,0,0,0,0,0,0,0,0,0,0,0,0,0,0,0,0,0,0,0,0,0,0,0,0,0,0,0,0,0,0,0,0,0,0,0,0,0,0,0
				} 
			}
			UserDataArray:  {
				UserDataType: "Float"
				UserDataName: "edge_wear_bias"
				UserData: *576 {
					a: 0,0,0,0,0,0,0,0,0,0,0,0,0,0,0,0,0,0,0,0,0,0,0,0,0,0,0,0,0,0,0,0,0,0,0,0,0,0,0,0,0,0,0,0,0,0,0,0,0,0,0,0,0,0,0,0,0,0,0,0,0,0,0,0,0,0,0,0,0,0,0,0,0,0,0,0,0,0,0,0,0,0,0,0,0,0,0,0,0,0,0,0,0,0,0,0,0,0,0,0,0,0,0,0,0,0,0,0,0,0,0,0,0,0,0,0,0,0,0,0,0,0,0,0,0,0,0,0,0,0,0,0,0,0,0,0,0,0,0,0,0,0,0,0,0,0,0,0,0,0,0,0,0,0,0,0,0,0,0,0,0,0,0,0,0,0,0,0,0,0,0,0,0,0,0,0,0,0,0,0,0,0,0,0,0,0,0,0,0,0,0,0,0,0,0,0,0,0,0,0,0,0,0,0,0,0,0,0,0,0,0,0,0,0,0,0,0,0,0,0,0,0,0,0,0,0,0,0,0,0,0,0,0,0,0,0,0,0,0,0,0,0,0,0,0,0,0,0,0,0,0,0,0,0,0,0,0,0,0,0,0,0,0,0,0,0,0,0,0,0,0,0,0,0,0,0,0,0,0,0,0,0,0,0,0,0,0,0,0,0,0,0,0,0,0,0,0,0,0,0,0,0,0,0,0,0,0,0,0,0,0,0,0,0,0,0,0,0,0,0,0,0,0,0,0,0,0,0,0,0,0,0,0,0,0,0,0,0,0,0,0,0,0,0,0,0,0,0,0,0,0,0,0,0,0,0,0,0,0,0,0,0,0,0,0,0,0,0,0,0,0,0,0,0,0,0,0,0,0,0,0,0,0,0,0,0,0,0,0,0,0,0,0,0,0,0,0,0,0,0,0,0,0,0,0,0,0,0,0,0,0,0,0,0,0,0,0,0,0,0,0,0,0,0,0,0,0,0,0,0,0,0,0,0,0,0,0,0,0,0,0,0,0,0,0,0,0,0,0,0,0,0,0,0,0,0,0,0,0,0,0,0,0,0,0,0,0,0,0,0,0,0,0,0,0,0,0,0,0,0,0,0,0,0,0,0,0,0,0,0,0,0,0,0,0,0,0,0,0,0,0,0,0,0,0,0,0,0,0,0,0,0,0,0,0,0,0,0,0,0,0,0,0,0,0,0,0,0,0,0,0,0,0,0,0,0,0,0,0,0,0,0,0,0,0,0,0,0,0,0,0,0,0,0,0,0,0,0,0,0,0,0,0,0,0,0,0,0,0,0,0,0,0,0,0,0
				} 
			}
			UserDataArray:  {
				UserDataType: "Float"
				UserDataName: "plank_t"
				UserData: *576 {
					a: 0.5,0.5,0.5,0.5,0.5,0.5,0.5,0.5,0.5,0.5,0.5,0.5,0.5,0.5,0.5,0.5,0.5,0.5,0.5,0.5,0.5,0.5,0.5,0.5,0.5,0.5,0.5,0.5,0.5,0.5,0.5,0.5,0.5,0.5,0.5,0.5,0.5,0.5,0.5,0.5,0.5,0.5,0.5,0.5,0.5,0.5,0.5,0.5,0.5,0.5,0.5,0.5,0.5,0.5,0.5,0.5,0.5,0.5,0.5,0.5,0.5,0.5,0.5,0.5,0.5,0.5,0.5,0.5,0.5,0.5,0.5,0.5,0.5,0.5,0.5,0.5,0.5,0.5,0.5,0.5,0.5,0.5,0.5,0.5,0.5,0.5,0.5,0.5,0.5,0.5,0.5,0.5,0.5,0.5,0.5,0.5,0.5,0.5,0.5,0.5,0.5,0.5,0.5,0.5,0.5,0.5,0.5,0.5,0.5,0.5,0.5,0.5,0.5,0.5,0.5,0.5,0.5,0.5,0.5,0.5,0.5,0.5,0.5,0.5,0.5,0.5,0.5,0.5,0.5,0.5,0.5,0.5,0.5,0.5,0.5,0.5,0.5,0.5,0.5,0.5,0.5,0.5,0.5,0.5,0.5,0.5,0.5,0.5,0.5,0.5,0.5,0.5,0.5,0.5,0.5,0.5,0.5,0.5,0.5,0.5,0.5,0.5,0.5,0.5,0.5,0.5,0.5,0.5,0.5,0.5,0.5,0.5,0.5,0.5,0.5,0.5,0.5,0.5,0.5,0.5,0.5,0.5,0.5,0.5,0.5,0.5,0.5,0.5,0.5,0.5,0.5,0.5,0.5,0.5,0.5,0.5,0.5,0.5,0.5,0.5,0.5,0.5,0.5,0.5,0.5,0.5,0.5,0.5,0.5,0.5,0.5,0.5,0.5,0.5,0.5,0.5,0.5,0.5,0.5,0.5,0.5,0.5,0.5,0.5,0.5,0.5,0.5,0.5,0.5,0.5,0.5,0.5,0.5,0.5,0.5,0.5,0.5,0.5,0.5,0.5,0.5,0.5,0.5,0.5,0.5,0.5,0.5,0.5,0.5,0.5,0.5,0.5,0.5,0.5,0.5,0.5,0.5,0.5,0.5,0.5,0.5,0.5,0.5,0.5,0.5,0.5,0.5,0.5,0.5,0.5,0.5,0.5,0.5,0.5,0.5,0.5,0.5,0.5,0.5,0.5,0.5,0.5,0.5,0.5,0.5,0.5,0.5,0.5,0.5,0.5,0.5,0.5,0.5,0.5,0.5,0.5,0.5,0.5,0.5,0.5,0.5,0.5,0.5,0.5,0.5,0.5,0.5,0.5,0.5,0.5,0.5,0.5,0.5,0.5,0.5,0.5,0.5,0.5,0.5,0.5,0.5,0.5,0.5,0.5,0.5,0.5,0.5,0.5,0.5,0.5,0.5,0.5,0.5,0.5,0.5,0.5,0.5,0.5,0.5,0.5,0.5,0.5,0.5,0.5,0.5,0.5,0.5,0.5,0.5,0.5,0.5,0.5,0.5,0.5,0.5,0.5,0.5,0.5,0.5,0.5,0.5,0.5,0.5,0.5,0.5,0.5,0.5,0.5,0.5,0.5,0.5,0.5,0.5,0.5,0.5,0.5,0.5,0.5,0.5,0.5,0.5,0.5,0.5,0.5,0.5,0.5,0.5,0.5,0.5,0.5,0.5,0.5,0.5,0.5,0.5,0.5,0.5,0.5,0.5,0.5,0.5,0.5,0.5,0.5,0.5,0.5,0.5,0.5,0.5,0.5,0.5,0.5,0.5,0.5,0.5,0.5,0.5,0.5,0.5,0.5,0.5,0.5,0.5,0.5,0.5,0.5,0.5,0.5,0.5,0.5,0.5,0.5,0.5,0.5,0.5,0.5,0.5,0.5,0.5,0.5,0.5,0.5,0.5,0.5,0.5,0.5,0.5,0.5,0.5,0.5,0.5,0.5,0.5,0.5,0.5,0.5,0.5,0.5,0.5,0.5,0.5,0.5,0.5,0.5,0.5,0.5,0.5,0.5,0.5,0.5,0.5,0.5,0.5,0.5,0.5,0.5,0.5,0.5,0.5,0.5,0.5,0.5,0.5,0.5,0.5,0.5,0.5,0.5,0.5,0.5,0.5,0.5,0.5,0.5,0.5,0.5,0.5,0.5,0.5,0.5,0.5,0.5,0.5,0.5,0.5,
0.5,0.5,0.5,0.5,0.5,0.5,0.5,0.5,0.5,0.5,0.5,0.5,0.5,0.5,0.5,0.5,0.5,0.5,0.5,0.5,0.5,0.5,0.5,0.5,0.5,0.5,0.5,0.5,0.5,0.5,0.5,0.5,0.5,0.5,0.5,0.5,0.5,0.5,0.5,0.5,0.5,0.5,0.5,0.5,0.5,0.5,0.5,0.5,0.5,0.5,0.5,0.5,0.5,0.5,0.5,0.5,0.5,0.5,0.5,0.5,0.5,0.5,0.5,0.5,0.5,0.5,0.5,0.5,0.5,0.5,0.5
				} 
			}
		}
		LayerElementUserData: 2 {
			Version: 101
			Name: "UserDataLayer2"
			MappingInformationType: "ByPolygon"
			ReferenceInformationType: "Direct"
			UserDataId: 2
			UserDataArray:  {
				UserDataType: "Integer"
				UserDataName: "bevel_set"
				UserData: *144 {
					a: 0,0,0,0,0,0,0,0,0,0,0,0,0,0,0,0,0,0,0,0,0,0,0,0,0,0,0,0,0,0,0,0,0,0,0,0,0,0,0,0,0,0,0,0,0,0,0,0,0,0,0,0,0,0,0,0,0,0,0,0,0,0,0,0,0,0,0,0,0,0,0,0,0,0,0,0,0,0,0,0,0,0,0,0,0,0,0,0,0,0,0,0,0,0,0,0,0,0,0,0,0,0,0,0,0,0,0,0,0,0,0,0,0,0,0,0,0,0,0,0,0,0,0,0,0,0,0,0,0,0,0,0,0,0,0,0,0,0,0,0,0,0,0,0
				} 
			}
			UserDataArray:  {
				UserDataType: "Integer"
				UserDataName: "front_wall"
				UserData: *144 {
					a: 0,0,0,0,0,0,0,0,0,0,0,0,0,0,0,0,0,0,0,0,0,0,0,0,0,0,0,0,0,0,0,0,0,0,0,0,0,0,0,0,0,0,0,0,0,0,0,0,0,0,0,0,0,0,0,0,0,0,0,0,0,0,0,0,0,0,0,0,0,0,0,0,0,0,0,0,0,0,0,0,0,0,0,0,0,0,0,0,0,0,0,0,0,0,0,0,0,0,0,0,0,0,0,0,0,0,0,0,0,0,0,0,0,0,0,0,0,0,0,0,0,0,0,0,0,0,0,0,0,0,0,0,0,0,0,0,0,0,0,0,0,0,0,0
				} 
			}
			UserDataArray:  {
				UserDataType: "Integer"
				UserDataName: "group_backing"
				UserData: *144 {
					a: 0,0,0,0,0,0,0,0,0,0,0,0,0,0,0,0,0,0,0,0,0,0,0,0,0,0,0,0,0,0,0,0,0,0,0,0,0,0,0,0,0,0,0,0,0,0,0,0,0,0,0,0,0,0,0,0,0,0,0,0,0,0,0,0,0,0,0,0,0,0,0,0,0,0,0,0,0,0,0,0,0,0,0,0,0,0,0,0,0,0,0,0,0,0,0,0,0,0,0,0,0,0,0,0,0,0,0,0,0,0,0,0,0,0,0,0,0,0,0,0,0,0,0,0,0,0,0,0,0,0,0,0,0,0,0,0,0,0,0,0,0,0,0,0
				} 
			}
			UserDataArray:  {
				UserDataType: "Integer"
				UserDataName: "group_bargeboard"
				UserData: *144 {
					a: 0,0,0,0,0,0,0,0,0,0,0,0,0,0,0,0,0,0,0,0,0,0,0,0,0,0,0,0,0,0,0,0,0,0,0,0,0,0,0,0,0,0,0,0,0,0,0,0,0,0,0,0,0,0,0,0,0,0,0,0,0,0,0,0,0,0,0,0,0,0,0,0,0,0,0,0,0,0,0,0,0,0,0,0,0,0,0,0,0,0,0,0,0,0,0,0,0,0,0,0,0,0,0,0,0,0,0,0,0,0,0,0,0,0,0,0,0,0,0,0,0,0,0,0,0,0,0,0,0,0,0,0,0,0,0,0,0,0,0,0,0,0,0,0
				} 
			}
			UserDataArray:  {
				UserDataType: "Integer"
				UserDataName: "group_decking"
				UserData: *144 {
					a: 0,0,0,0,0,0,0,0,0,0,0,0,0,0,0,0,0,0,0,0,0,0,0,0,0,0,0,0,0,0,0,0,0,0,0,0,0,0,0,0,0,0,0,0,0,0,0,0,0,0,0,0,0,0,0,0,0,0,0,0,0,0,0,0,0,0,0,0,0,0,0,0,0,0,0,0,0,0,0,0,0,0,0,0,0,0,0,0,0,0,0,0,0,0,0,0,0,0,0,0,0,0,0,0,0,0,0,0,0,0,0,0,0,0,0,0,0,0,0,0,0,0,0,0,0,0,0,0,0,0,0,0,0,0,0,0,0,0,0,0,0,0,0,0
				} 
			}
			UserDataArray:  {
				UserDataType: "Integer"
				UserDataName: "group_fascia"
				UserData: *144 {
					a: 0,0,0,0,0,0,0,0,0,0,0,0,0,0,0,0,0,0,0,0,0,0,0,0,0,0,0,0,0,0,0,0,0,0,0,0,0,0,0,0,0,0,0,0,0,0,0,0,0,0,0,0,0,0,0,0,0,0,0,0,0,0,0,0,0,0,0,0,0,0,0,0,0,0,0,0,0,0,0,0,0,0,0,0,0,0,0,0,0,0,0,0,0,0,0,0,0,0,0,0,0,0,0,0,0,0,0,0,0,0,0,0,0,0,0,0,0,0,0,0,0,0,0,0,0,0,0,0,0,0,0,0,0,0,0,0,0,0,0,0,0,0,0,0
				} 
			}
			UserDataArray:  {
				UserDataType: "Integer"
				UserDataName: "group_floor"
				UserData: *144 {
					a: 0,0,0,0,0,0,0,0,0,0,0,0,0,0,0,0,0,0,0,0,0,0,0,0,0,0,0,0,0,0,0,0,0,0,0,0,0,0,0,0,0,0,0,0,0,0,0,0,0,0,0,0,0,0,0,0,0,0,0,0,0,0,0,0,0,0,0,0,0,0,0,0,0,0,0,0,0,0,0,0,0,0,0,0,0,0,0,0,0,0,0,0,0,0,0,0,0,0,0,0,0,0,0,0,0,0,0,0,0,0,0,0,0,0,0,0,0,0,0,0,0,0,0,0,0,0,0,0,0,0,0,0,0,0,0,0,0,0,0,0,0,0,0,0
				} 
			}
			UserDataArray:  {
				UserDataType: "Integer"
				UserDataName: "group_frame"
				UserData: *144 {
					a: 0,0,0,0,0,0,0,0,0,0,0,0,0,0,0,0,0,0,0,0,0,0,0,0,0,0,0,0,0,0,0,0,0,0,0,0,0,0,0,0,0,0,0,0,0,0,0,0,0,0,0,0,0,0,0,0,0,0,0,0,0,0,0,0,0,0,0,0,0,0,0,0,0,0,0,0,0,0,0,0,0,0,0,0,0,0,0,0,0,0,0,0,0,0,0,0,0,0,0,0,0,0,0,0,0,0,0,0,0,0,0,0,0,0,0,0,0,0,0,0,0,0,0,0,0,0,0,0,0,0,0,0,0,0,0,0,0,0,0,0,0,0,0,0
				} 
			}
			UserDataArray:  {
				UserDataType: "Integer"
				UserDataName: "group_glass"
				UserData: *144 {
					a: 1,1,1,1,1,1,1,1,1,1,1,1,1,1,1,1,1,1,1,1,1,1,1,1,1,1,1,1,1,1,1,1,1,1,1,1,1,1,1,1,1,1,1,1,1,1,1,1,1,1,1,1,1,1,1,1,1,1,1,1,1,1,1,1,1,1,1,1,1,1,1,1,1,1,1,1,1,1,1,1,1,1,1,1,1,1,1,1,1,1,1,1,1,1,1,1,1,1,1,1,1,1,1,1,1,1,1,1,1,1,1,1,1,1,1,1,1,1,1,1,1,1,1,1,1,1,1,1,1,1,1,1,1,1,1,1,1,1,1,1,1,1,1,1
				} 
			}
			UserDataArray:  {
				UserDataType: "Integer"
				UserDataName: "group_hinges"
				UserData: *144 {
					a: 0,0,0,0,0,0,0,0,0,0,0,0,0,0,0,0,0,0,0,0,0,0,0,0,0,0,0,0,0,0,0,0,0,0,0,0,0,0,0,0,0,0,0,0,0,0,0,0,0,0,0,0,0,0,0,0,0,0,0,0,0,0,0,0,0,0,0,0,0,0,0,0,0,0,0,0,0,0,0,0,0,0,0,0,0,0,0,0,0,0,0,0,0,0,0,0,0,0,0,0,0,0,0,0,0,0,0,0,0,0,0,0,0,0,0,0,0,0,0,0,0,0,0,0,0,0,0,0,0,0,0,0,0,0,0,0,0,0,0,0,0,0,0,0
				} 
			}
			UserDataArray:  {
				UserDataType: "Integer"
				UserDataName: "group_inner_frame"
				UserData: *144 {
					a: 0,0,0,0,0,0,0,0,0,0,0,0,0,0,0,0,0,0,0,0,0,0,0,0,0,0,0,0,0,0,0,0,0,0,0,0,0,0,0,0,0,0,0,0,0,0,0,0,0,0,0,0,0,0,0,0,0,0,0,0,0,0,0,0,0,0,0,0,0,0,0,0,0,0,0,0,0,0,0,0,0,0,0,0,0,0,0,0,0,0,0,0,0,0,0,0,0,0,0,0,0,0,0,0,0,0,0,0,0,0,0,0,0,0,0,0,0,0,0,0,0,0,0,0,0,0,0,0,0,0,0,0,0,0,0,0,0,0,0,0,0,0,0,0
				} 
			}
			UserDataArray:  {
				UserDataType: "Integer"
				UserDataName: "group_louvers"
				UserData: *144 {
					a: 0,0,0,0,0,0,0,0,0,0,0,0,0,0,0,0,0,0,0,0,0,0,0,0,0,0,0,0,0,0,0,0,0,0,0,0,0,0,0,0,0,0,0,0,0,0,0,0,0,0,0,0,0,0,0,0,0,0,0,0,0,0,0,0,0,0,0,0,0,0,0,0,0,0,0,0,0,0,0,0,0,0,0,0,0,0,0,0,0,0,0,0,0,0,0,0,0,0,0,0,0,0,0,0,0,0,0,0,0,0,0,0,0,0,0,0,0,0,0,0,0,0,0,0,0,0,0,0,0,0,0,0,0,0,0,0,0,0,0,0,0,0,0,0
				} 
			}
			UserDataArray:  {
				UserDataType: "Integer"
				UserDataName: "group_rafters"
				UserData: *144 {
					a: 0,0,0,0,0,0,0,0,0,0,0,0,0,0,0,0,0,0,0,0,0,0,0,0,0,0,0,0,0,0,0,0,0,0,0,0,0,0,0,0,0,0,0,0,0,0,0,0,0,0,0,0,0,0,0,0,0,0,0,0,0,0,0,0,0,0,0,0,0,0,0,0,0,0,0,0,0,0,0,0,0,0,0,0,0,0,0,0,0,0,0,0,0,0,0,0,0,0,0,0,0,0,0,0,0,0,0,0,0,0,0,0,0,0,0,0,0,0,0,0,0,0,0,0,0,0,0,0,0,0,0,0,0,0,0,0,0,0,0,0,0,0,0,0
				} 
			}
			UserDataArray:  {
				UserDataType: "Integer"
				UserDataName: "group_roof_deck"
				UserData: *144 {
					a: 0,0,0,0,0,0,0,0,0,0,0,0,0,0,0,0,0,0,0,0,0,0,0,0,0,0,0,0,0,0,0,0,0,0,0,0,0,0,0,0,0,0,0,0,0,0,0,0,0,0,0,0,0,0,0,0,0,0,0,0,0,0,0,0,0,0,0,0,0,0,0,0,0,0,0,0,0,0,0,0,0,0,0,0,0,0,0,0,0,0,0,0,0,0,0,0,0,0,0,0,0,0,0,0,0,0,0,0,0,0,0,0,0,0,0,0,0,0,0,0,0,0,0,0,0,0,0,0,0,0,0,0,0,0,0,0,0,0,0,0,0,0,0,0
				} 
			}
			UserDataArray:  {
				UserDataType: "Integer"
				UserDataName: "group_sash"
				UserData: *144 {
					a: 0,0,0,0,0,0,0,0,0,0,0,0,0,0,0,0,0,0,0,0,0,0,0,0,0,0,0,0,0,0,0,0,0,0,0,0,0,0,0,0,0,0,0,0,0,0,0,0,0,0,0,0,0,0,0,0,0,0,0,0,0,0,0,0,0,0,0,0,0,0,0,0,0,0,0,0,0,0,0,0,0,0,0,0,0,0,0,0,0,0,0,0,0,0,0,0,0,0,0,0,0,0,0,0,0,0,0,0,0,0,0,0,0,0,0,0,0,0,0,0,0,0,0,0,0,0,0,0,0,0,0,0,0,0,0,0,0,0,0,0,0,0,0,0
				} 
			}
			UserDataArray:  {
				UserDataType: "Integer"
				UserDataName: "group_shingles"
				UserData: *144 {
					a: 0,0,0,0,0,0,0,0,0,0,0,0,0,0,0,0,0,0,0,0,0,0,0,0,0,0,0,0,0,0,0,0,0,0,0,0,0,0,0,0,0,0,0,0,0,0,0,0,0,0,0,0,0,0,0,0,0,0,0,0,0,0,0,0,0,0,0,0,0,0,0,0,0,0,0,0,0,0,0,0,0,0,0,0,0,0,0,0,0,0,0,0,0,0,0,0,0,0,0,0,0,0,0,0,0,0,0,0,0,0,0,0,0,0,0,0,0,0,0,0,0,0,0,0,0,0,0,0,0,0,0,0,0,0,0,0,0,0,0,0,0,0,0,0
				} 
			}
			UserDataArray:  {
				UserDataType: "Integer"
				UserDataName: "group_shutters"
				UserData: *144 {
					a: 0,0,0,0,0,0,0,0,0,0,0,0,0,0,0,0,0,0,0,0,0,0,0,0,0,0,0,0,0,0,0,0,0,0,0,0,0,0,0,0,0,0,0,0,0,0,0,0,0,0,0,0,0,0,0,0,0,0,0,0,0,0,0,0,0,0,0,0,0,0,0,0,0,0,0,0,0,0,0,0,0,0,0,0,0,0,0,0,0,0,0,0,0,0,0,0,0,0,0,0,0,0,0,0,0,0,0,0,0,0,0,0,0,0,0,0,0,0,0,0,0,0,0,0,0,0,0,0,0,0,0,0,0,0,0,0,0,0,0,0,0,0,0,0
				} 
			}
			UserDataArray:  {
				UserDataType: "Integer"
				UserDataName: "group_siding"
				UserData: *144 {
					a: 0,0,0,0,0,0,0,0,0,0,0,0,0,0,0,0,0,0,0,0,0,0,0,0,0,0,0,0,0,0,0,0,0,0,0,0,0,0,0,0,0,0,0,0,0,0,0,0,0,0,0,0,0,0,0,0,0,0,0,0,0,0,0,0,0,0,0,0,0,0,0,0,0,0,0,0,0,0,0,0,0,0,0,0,0,0,0,0,0,0,0,0,0,0,0,0,0,0,0,0,0,0,0,0,0,0,0,0,0,0,0,0,0,0,0,0,0,0,0,0,0,0,0,0,0,0,0,0,0,0,0,0,0,0,0,0,0,0,0,0,0,0,0,0
				} 
			}
			UserDataArray:  {
				UserDataType: "Integer"
				UserDataName: "group_siding_front"
				UserData: *144 {
					a: 0,0,0,0,0,0,0,0,0,0,0,0,0,0,0,0,0,0,0,0,0,0,0,0,0,0,0,0,0,0,0,0,0,0,0,0,0,0,0,0,0,0,0,0,0,0,0,0,0,0,0,0,0,0,0,0,0,0,0,0,0,0,0,0,0,0,0,0,0,0,0,0,0,0,0,0,0,0,0,0,0,0,0,0,0,0,0,0,0,0,0,0,0,0,0,0,0,0,0,0,0,0,0,0,0,0,0,0,0,0,0,0,0,0,0,0,0,0,0,0,0,0,0,0,0,0,0,0,0,0,0,0,0,0,0,0,0,0,0,0,0,0,0,0
				} 
			}
			UserDataArray:  {
				UserDataType: "Integer"
				UserDataName: "group_siding_left"
				UserData: *144 {
					a: 0,0,0,0,0,0,0,0,0,0,0,0,0,0,0,0,0,0,0,0,0,0,0,0,0,0,0,0,0,0,0,0,0,0,0,0,0,0,0,0,0,0,0,0,0,0,0,0,0,0,0,0,0,0,0,0,0,0,0,0,0,0,0,0,0,0,0,0,0,0,0,0,0,0,0,0,0,0,0,0,0,0,0,0,0,0,0,0,0,0,0,0,0,0,0,0,0,0,0,0,0,0,0,0,0,0,0,0,0,0,0,0,0,0,0,0,0,0,0,0,0,0,0,0,0,0,0,0,0,0,0,0,0,0,0,0,0,0,0,0,0,0,0,0
				} 
			}
			UserDataArray:  {
				UserDataType: "Integer"
				UserDataName: "group_siding_right"
				UserData: *144 {
					a: 0,0,0,0,0,0,0,0,0,0,0,0,0,0,0,0,0,0,0,0,0,0,0,0,0,0,0,0,0,0,0,0,0,0,0,0,0,0,0,0,0,0,0,0,0,0,0,0,0,0,0,0,0,0,0,0,0,0,0,0,0,0,0,0,0,0,0,0,0,0,0,0,0,0,0,0,0,0,0,0,0,0,0,0,0,0,0,0,0,0,0,0,0,0,0,0,0,0,0,0,0,0,0,0,0,0,0,0,0,0,0,0,0,0,0,0,0,0,0,0,0,0,0,0,0,0,0,0,0,0,0,0,0,0,0,0,0,0,0,0,0,0,0,0
				} 
			}
			UserDataArray:  {
				UserDataType: "Integer"
				UserDataName: "group_trim"
				UserData: *144 {
					a: 0,0,0,0,0,0,0,0,0,0,0,0,0,0,0,0,0,0,0,0,0,0,0,0,0,0,0,0,0,0,0,0,0,0,0,0,0,0,0,0,0,0,0,0,0,0,0,0,0,0,0,0,0,0,0,0,0,0,0,0,0,0,0,0,0,0,0,0,0,0,0,0,0,0,0,0,0,0,0,0,0,0,0,0,0,0,0,0,0,0,0,0,0,0,0,0,0,0,0,0,0,0,0,0,0,0,0,0,0,0,0,0,0,0,0,0,0,0,0,0,0,0,0,0,0,0,0,0,0,0,0,0,0,0,0,0,0,0,0,0,0,0,0,0
				} 
			}
			UserDataArray:  {
				UserDataType: "Integer"
				UserDataName: "left_wall"
				UserData: *144 {
					a: 0,0,0,0,0,0,0,0,0,0,0,0,0,0,0,0,0,0,0,0,0,0,0,0,0,0,0,0,0,0,0,0,0,0,0,0,0,0,0,0,0,0,0,0,0,0,0,0,0,0,0,0,0,0,0,0,0,0,0,0,0,0,0,0,0,0,0,0,0,0,0,0,0,0,0,0,0,0,0,0,0,0,0,0,0,0,0,0,0,0,0,0,0,0,0,0,0,0,0,0,0,0,0,0,0,0,0,0,0,0,0,0,0,0,0,0,0,0,0,0,0,0,0,0,0,0,0,0,0,0,0,0,0,0,0,0,0,0,0,0,0,0,0,0
				} 
			}
			UserDataArray:  {
				UserDataType: "Float"
				UserDataName: "max_u"
				UserData: *144 {
					a: 0,0,0,0,0,0,0,0,0,0,0,0,0,0,0,0,0,0,0,0,0,0,0,0,0,0,0,0,0,0,0,0,0,0,0,0,0,0,0,0,0,0,0,0,0,0,0,0,0,0,0,0,0,0,0,0,0,0,0,0,0,0,0,0,0,0,0,0,0,0,0,0,0,0,0,0,0,0,0,0,0,0,0,0,0,0,0,0,0,0,0,0,0,0,0,0,0,0,0,0,0,0,0,0,0,0,0,0,0,0,0,0,0,0,0,0,0,0,0,0,0,0,0,0,0,0,0,0,0,0,0,0,0,0,0,0,0,0,0,0,0,0,0,0
				} 
			}
			UserDataArray:  {
				UserDataType: "Float"
				UserDataName: "max_v"
				UserData: *144 {
					a: 0,0,0,0,0,0,0,0,0,0,0,0,0,0,0,0,0,0,0,0,0,0,0,0,0,0,0,0,0,0,0,0,0,0,0,0,0,0,0,0,0,0,0,0,0,0,0,0,0,0,0,0,0,0,0,0,0,0,0,0,0,0,0,0,0,0,0,0,0,0,0,0,0,0,0,0,0,0,0,0,0,0,0,0,0,0,0,0,0,0,0,0,0,0,0,0,0,0,0,0,0,0,0,0,0,0,0,0,0,0,0,0,0,0,0,0,0,0,0,0,0,0,0,0,0,0,0,0,0,0,0,0,0,0,0,0,0,0,0,0,0,0,0,0
				} 
			}
			UserDataArray:  {
				UserDataType: "Integer"
				UserDataName: "MI_Manny_01_group"
				UserData: *144 {
					a: 0,0,0,0,0,0,0,0,0,0,0,0,0,0,0,0,0,0,0,0,0,0,0,0,0,0,0,0,0,0,0,0,0,0,0,0,0,0,0,0,0,0,0,0,0,0,0,0,0,0,0,0,0,0,0,0,0,0,0,0,0,0,0,0,0,0,0,0,0,0,0,0,0,0,0,0,0,0,0,0,0,0,0,0,0,0,0,0,0,0,0,0,0,0,0,0,0,0,0,0,0,0,0,0,0,0,0,0,0,0,0,0,0,0,0,0,0,0,0,0,0,0,0,0,0,0,0,0,0,0,0,0,0,0,0,0,0,0,0,0,0,0,0,0
				} 
			}
			UserDataArray:  {
				UserDataType: "Integer"
				UserDataName: "MI_Manny_02_group"
				UserData: *144 {
					a: 0,0,0,0,0,0,0,0,0,0,0,0,0,0,0,0,0,0,0,0,0,0,0,0,0,0,0,0,0,0,0,0,0,0,0,0,0,0,0,0,0,0,0,0,0,0,0,0,0,0,0,0,0,0,0,0,0,0,0,0,0,0,0,0,0,0,0,0,0,0,0,0,0,0,0,0,0,0,0,0,0,0,0,0,0,0,0,0,0,0,0,0,0,0,0,0,0,0,0,0,0,0,0,0,0,0,0,0,0,0,0,0,0,0,0,0,0,0,0,0,0,0,0,0,0,0,0,0,0,0,0,0,0,0,0,0,0,0,0,0,0,0,0,0
				} 
			}
			UserDataArray:  {
				UserDataType: "Float"
				UserDataName: "min_u"
				UserData: *144 {
					a: 0,0,0,0,0,0,0,0,0,0,0,0,0,0,0,0,0,0,0,0,0,0,0,0,0,0,0,0,0,0,0,0,0,0,0,0,0,0,0,0,0,0,0,0,0,0,0,0,0,0,0,0,0,0,0,0,0,0,0,0,0,0,0,0,0,0,0,0,0,0,0,0,0,0,0,0,0,0,0,0,0,0,0,0,0,0,0,0,0,0,0,0,0,0,0,0,0,0,0,0,0,0,0,0,0,0,0,0,0,0,0,0,0,0,0,0,0,0,0,0,0,0,0,0,0,0,0,0,0,0,0,0,0,0,0,0,0,0,0,0,0,0,0,0
				} 
			}
			UserDataArray:  {
				UserDataType: "Float"
				UserDataName: "min_v"
				UserData: *144 {
					a: 0,0,0,0,0,0,0,0,0,0,0,0,0,0,0,0,0,0,0,0,0,0,0,0,0,0,0,0,0,0,0,0,0,0,0,0,0,0,0,0,0,0,0,0,0,0,0,0,0,0,0,0,0,0,0,0,0,0,0,0,0,0,0,0,0,0,0,0,0,0,0,0,0,0,0,0,0,0,0,0,0,0,0,0,0,0,0,0,0,0,0,0,0,0,0,0,0,0,0,0,0,0,0,0,0,0,0,0,0,0,0,0,0,0,0,0,0,0,0,0,0,0,0,0,0,0,0,0,0,0,0,0,0,0,0,0,0,0,0,0,0,0,0,0
				} 
			}
			UserDataArray:  {
				UserDataType: "Integer"
				UserDataName: "piece_id"
				UserData: *144 {
					a: 200,201,202,203,204,205,206,207,208,209,210,211,200,201,202,203,204,205,206,207,208,209,210,211,200,201,202,203,204,205,206,207,208,209,210,211,200,201,202,203,204,205,206,207,208,209,210,211,200,201,202,203,204,205,206,207,208,209,210,211,200,201,202,203,204,205,206,207,208,209,210,211,200,201,202,203,204,205,206,207,208,209,210,211,200,201,202,203,204,205,206,207,208,209,210,211,478,478,478,478,478,478,479,479,479,479,479,479,480,480,480,480,480,480,481,481,481,481,481,481,489,489,489,489,489,489,490,490,490,490,490,490,491,491,491,491,491,491,492,492,492,492,492,492
				} 
			}
			UserDataArray:  {
				UserDataType: "Integer"
				UserDataName: "plank_row"
				UserData: *144 {
					a: 0,0,0,0,0,0,0,0,0,0,0,0,0,0,0,0,0,0,0,0,0,0,0,0,0,0,0,0,0,0,0,0,0,0,0,0,0,0,0,0,0,0,0,0,0,0,0,0,0,0,0,0,0,0,0,0,0,0,0,0,0,0,0,0,0,0,0,0,0,0,0,0,0,0,0,0,0,0,0,0,0,0,0,0,0,0,0,0,0,0,0,0,0,0,0,0,0,0,0,0,0,0,0,0,0,0,0,0,0,0,0,0,0,0,0,0,0,0,0,0,0,0,0,0,0,0,0,0,0,0,0,0,0,0,0,0,0,0,0,0,0,0,0,0
				} 
			}
			UserDataArray:  {
				UserDataType: "Float"
				UserDataName: "px_per_m"
				UserData: *144 {
					a: 0,0,0,0,0,0,0,0,0,0,0,0,0,0,0,0,0,0,0,0,0,0,0,0,0,0,0,0,0,0,0,0,0,0,0,0,0,0,0,0,0,0,0,0,0,0,0,0,0,0,0,0,0,0,0,0,0,0,0,0,0,0,0,0,0,0,0,0,0,0,0,0,0,0,0,0,0,0,0,0,0,0,0,0,0,0,0,0,0,0,0,0,0,0,0,0,0,0,0,0,0,0,0,0,0,0,0,0,0,0,0,0,0,0,0,0,0,0,0,0,0,0,0,0,0,0,0,0,0,0,0,0,0,0,0,0,0,0,0,0,0,0,0,0
				} 
			}
			UserDataArray:  {
				UserDataType: "Integer"
				UserDataName: "rear_wall"
				UserData: *144 {
					a: 0,0,0,0,0,0,0,0,0,0,0,0,0,0,0,0,0,0,0,0,0,0,0,0,0,0,0,0,0,0,0,0,0,0,0,0,0,0,0,0,0,0,0,0,0,0,0,0,0,0,0,0,0,0,0,0,0,0,0,0,0,0,0,0,0,0,0,0,0,0,0,0,0,0,0,0,0,0,0,0,0,0,0,0,0,0,0,0,0,0,0,0,0,0,0,0,0,0,0,0,0,0,0,0,0,0,0,0,0,0,0,0,0,0,0,0,0,0,0,0,0,0,0,0,0,0,0,0,0,0,0,0,0,0,0,0,0,0,0,0,0,0,0,0
				} 
			}
			UserDataArray:  {
				UserDataType: "Integer"
				UserDataName: "right_wall"
				UserData: *144 {
					a: 0,0,0,0,0,0,0,0,0,0,0,0,0,0,0,0,0,0,0,0,0,0,0,0,0,0,0,0,0,0,0,0,0,0,0,0,0,0,0,0,0,0,0,0,0,0,0,0,0,0,0,0,0,0,0,0,0,0,0,0,0,0,0,0,0,0,0,0,0,0,0,0,0,0,0,0,0,0,0,0,0,0,0,0,0,0,0,0,0,0,0,0,0,0,0,0,0,0,0,0,0,0,0,0,0,0,0,0,0,0,0,0,0,0,0,0,0,0,0,0,0,0,0,0,0,0,0,0,0,0,0,0,0,0,0,0,0,0,0,0,0,0,0,0
				} 
			}
			UserDataArray:  {
				UserDataType: "Integer"
				UserDataName: "slot"
				UserData: *144 {
					a: 0,0,0,0,0,0,0,0,0,0,0,0,0,0,0,0,0,0,0,0,0,0,0,0,0,0,0,0,0,0,0,0,0,0,0,0,0,0,0,0,0,0,0,0,0,0,0,0,0,0,0,0,0,0,0,0,0,0,0,0,0,0,0,0,0,0,0,0,0,0,0,0,0,0,0,0,0,0,0,0,0,0,0,0,0,0,0,0,0,0,0,0,0,0,0,0,0,0,0,0,0,0,0,0,0,0,0,0,0,0,0,0,0,0,0,0,0,0,0,0,0,0,0,0,0,0,0,0,0,0,0,0,0,0,0,0,0,0,0,0,0,0,0,0
				} 
			}
		}
		LayerElementUserData: 3 {
			Version: 101
			Name: "UserDataLayer3"
			MappingInformationType: "AllSame"
			ReferenceInformationType: "Direct"
			UserDataId: 3
			UserDataArray:  {
				UserDataType: "Float"
				UserDataName: "density_frame"
				UserData: *1 {
					a: 0.6616949
				} 
			}
			UserDataArray:  {
				UserDataType: "Float"
				UserDataName: "density_glass"
				UserData: *1 {
					a: 0.2405248
				} 
			}
			UserDataArray:  {
				UserDataType: "Float"
				UserDataName: "density_rail"
				UserData: *1 {
					a: 0.6616949
				} 
			}
			UserDataArray:  {
				UserDataType: "Float"
				UserDataName: "density_sash"
				UserData: *1 {
					a: 0.6616949
				} 
			}
			UserDataArray:  {
				UserDataType: "Integer"
				UserDataName: "stretch_fixed"
				UserData: *1 {
					a: 602
				} 
			}
			UserDataArray:  {
				UserDataType: "Float"
				UserDataName: "window_density"
				UserData: *1 {
					a: 0.6494915
				} 
			}
		}
		LayerElementMaterial: 0 {
			Version: 101
			Name: ""
			MappingInformationType: "ByPolygon"
			ReferenceInformationType: "IndexToDirect"
			Materials: *144 {
				a: 0,0,0,0,0,0,0,0,0,0,0,0,0,0,0,0,0,0,0,0,0,0,0,0,0,0,0,0,0,0,0,0,0,0,0,0,0,0,0,0,0,0,0,0,0,0,0,0,0,0,0,0,0,0,0,0,0,0,0,0,0,0,0,0,0,0,0,0,0,0,0,0,0,0,0,0,0,0,0,0,0,0,0,0,0,0,0,0,0,0,0,0,0,0,0,0,0,0,0,0,0,0,0,0,0,0,0,0,0,0,0,0,0,0,0,0,0,0,0,0,0,0,0,0,0,0,0,0,0,0,0,0,0,0,0,0,0,0,0,0,0,0,0,0
			} 
		}
		Layer: 0 {
			Version: 100
			LayerElement:  {
				Type: "LayerElementNormal"
				TypedIndex: 0
			}
			LayerElement:  {
				Type: "LayerElementMaterial"
				TypedIndex: 0
			}
			LayerElement:  {
				Type: "LayerElementColor"
				TypedIndex: 0
			}
			LayerElement:  {
				Type: "LayerElementUserData"
				TypedIndex: 0
			}
			LayerElement:  {
				Type: "LayerElementUV"
				TypedIndex: 0
			}
		}
		Layer: 1 {
			Version: 100
			LayerElement:  {
				Type: "LayerElementColor"
				TypedIndex: 1
			}
			LayerElement:  {
				Type: "LayerElementUserData"
				TypedIndex: 1
			}
		}
		Layer: 2 {
			Version: 100
			LayerElement:  {
				Type: "LayerElementUserData"
				TypedIndex: 2
			}
		}
		Layer: 3 {
			Version: 100
			LayerElement:  {
				Type: "LayerElementUserData"
				TypedIndex: 3
			}
		}
	}
	Model: 490129684496, "Model::UE_church_glass", "Mesh" {
		Version: 232
		Properties70:  {
			P: "ScalingMax", "Vector3D", "Vector", "",0,0,0
			P: "DefaultAttributeIndex", "int", "Integer", "",0
			P: "Visibility Inheritance", "Visibility Inheritance", "", "",0
		}
		Shading: Y
		Culling: "CullingOff"
	}
	Material: 486356431472, "Material::default_material", "" {
		Version: 102
		ShadingModel: "lambert"
		MultiLayer: 0
		Properties70:  {
			P: "AmbientColor", "Color", "", "A",0,0,0
			P: "DiffuseColor", "Color", "", "A",0.756862759590149,0.756862759590149,0.756862759590149
			P: "Emissive", "Vector3D", "Vector", "",0,0,0
			P: "Ambient", "Vector3D", "Vector", "",0,0,0
			P: "Diffuse", "Vector3D", "Vector", "",0.756862759590149,0.756862759590149,0.756862759590149
			P: "Opacity", "double", "Number", "",1
		}
	}
}

; Object connections
;------------------------------------------------------------------

Connections:  {
	
	;Model::UE_church_glass, Model::RootNode
	C: "OO",490129684496,0
	
	;Geometry::UE_church_glass, Model::UE_church_glass
	C: "OO",490275228304,490129684496
	
	;Material::default_material, Model::UE_church_glass
	C: "OO",486356431472,490129684496
}
;Takes section
;----------------------------------------------------

Takes:  {
	Current: ""
}
